,family,EMOBON00001,EMOBON00084,EMOBON00086,EMOBON00088,EMOBON00091,EMOBON00092,EMOBON00093,EMOBON00094,EMOBON00095,EMOBON00097,EMOBON00098,EMOBON00099,EMOBON00120,EMOBON00121,EMOBON00122,EMOBON00123,EMOBON00124,EMOBON00125,EMOBON00126,EMOBON00129,EMOBON00130,EMOBON00131,EMOBON00135,EMOBON00136,EMOBON00137,EMOBON00138,EMOBON00139,EMOBON00140,EMOBON00141,EMOBON00142,EMOBON00143,EMOBON00144,EMOBON00145,EMOBON00147,EMOBON00148,EMOBON00149,EMOBON00153,EMOBON00155,EMOBON00156,EMOBON00157,EMOBON00158,EMOBON00193,EMOBON00194,EMOBON00195,EMOBON00224,EMOBON00225,EMOBON00226,EMOBON00227,EMOBON00236,EMOBON00237,EMOBON00238,EMOBON00241,EMOBON00242,EMOBON00243
0,Acanthamoebidae,,,,,,,,,0.06108472217815261,,,,,,,,,,,,,,,,,,,,,,,,,,,,,,,,0.027837398347220068,,,,,,,,,,,,,
1,Acanthoecidae,,,,,,,,,,,,,0.03170213124741207,,0.022264040931247904,0.019787437382135124,,,0.012726725805353542,0.015688711546245397,0.021012855394742028,0.01614935076204746,0.0417149758616362,0.04429653908552456,0.03185456550449977,0.022054054569561544,0.023363465675799888,,,,,,0.013434624130588352,,0.023298695798810796,0.021673223139455043,,0.014293981904335416,,,0.03140482078567693,,,0.028759865427152538,,,,,,,,,,
2,Acanthogorgiidae,,,,,,,,,,,,,,,,,,,,,,,,0.01335590905981797,,,,,,,,,,,,,,,,,,,,,,,,,,,,,,
3,Acaridae,,,,,,,,,,,,,,,,,,,,,,,,,,,,,,,,,,,,,,,,,,,,,,,,0.04965975478570227,,,,,,
4,Acavomonidia,,,,,,,,,,,,,,,,,,,,,,,,,,,,,,,,,,,,,,,,,,,,,,,,0.03511474936103118,,,,,,
5,Acholadidae,,,,,,,,,,,,,,,,,,,,,,,,,,,,,,,,,,,,,,,,,,,0.03280893574623933,,,,,,,,,,,
6,Acinetosporaceae,,,,,,,,,,,,,,,,,,,,,,,,,,,,,,,,0.009768308314557043,0.013434624130588352,,,,,,,,,,,,,,,,,,,,,
7,Acrochaetiaceae,,,,,,,,,,,,,,,,,,,,,,,,,,,,,,,,0.009768308314557043,0.009499713825431449,,,,,,,,,,,,,,,,,,,,,
8,Acroporidae,,,,,,,,,,,,,,,0.009956781795221607,,,,,0.00701620509935811,,0.013185889681414318,,,,,,,,,,,,,0.01041949351864594,0.007224407713151682,,,,,0.008393291405217137,,,,,,,,,,,,,
9,Actinopodidae,,,,,,,,,,,,,,,,,,,,,,,,,,,,,,,,,,,,,,,,,,,,,,0.025031308716087945,,,,,,,,
10,Agalmatidae,,,,,,,,,,,,,,,,,,,0.008999154119267315,,,,,,,,,,,,,,,,,,,,,,,,,,,,,,,,,,,
11,Aglaopheniidae,,,,,,,,,,,,,,,,,,,,,,,,,,,,,,,,0.013814474099888441,0.016453987003011768,0.031023602427884885,,0.007224407713151682,,,,,,,,,,,,,,,,,,
12,Aiptasiidae,,,,,,,,,,,,,,,,,,,,,0.04506755398804732,0.027971496029117367,0.0240841525429544,0.0231331130728742,0.01839124196894151,,,,,,,,,,,0.007224407713151682,,,,,,0.009417214581382252,,,0.009417214581382252,0.025031308716087945,,,,,,,,
13,Albuginaceae,,,,,,,,,,,,,,,,,,,,,0.009397234612803269,0.01614935076204746,0.03406013516450858,,,,,,,,,0.009768308314557043,0.009499713825431449,,,,,,,,,,,,,,,,,,,,,
14,Amaryllidaceae,,,,,,,,,,,,,,,,,,,,,0.009397234612803269,,,,,,,,,,,,,,,,,,,,,,,,,,,,,,,,,
15,Ampharetidae,,,,,0.08481889296799709,,,,,,,,,,,,,,,,,,,,,,,,,,,,,,,,,,,,,,,,,,,,,,,,,
16,Amphinomidae,,,,,,,,,,,,,,,,,,,,,,,,,,,,,,,,,,,,0.012513041213771196,,,,,,,,,,,,,,,,,,
17,Amphiporidae,,,,,,,,,,,,,,,,,,,,,,,,,,,,,,,,,,,,,,,,,,,,,,,,,,,,,0.24990360516317958,
18,Amphisiellidae,,,,,0.042409446483998546,,,,,,,,,,,,,,,,,,,,0.01839124196894151,,0.023363465675799888,,,,,0.009768308314557043,,,,0.012513041213771196,,,0.030330895164368973,,,,0.05682674365474925,0.04067259173910421,,,,,,,,,,
19,Amphiuridae,,,,,,,,,,,,,,,,0.013991831155211932,,,,,,,,,,,,,,,,,,,,,,,,,,,,,,,,,,,,,,
20,Ancyromonadidae,,,,,,,,,,,,,,,,,,,,,0.009397234612803269,,,,,,,,,,,,,,,,,,,,,,,,,,,,,,,,,
21,Anomiidae,,,,,,,,,,,,,,,0.024389034878525603,,,,,,,,,,,,,,,,,,,,,,,,,,,,,,,,,,,,,,,
22,Antedonidae,,,,,,,,,,,,,,,,,,,,,,,,,,,,,,,,0.009768308314557043,,,0.01041949351864594,,,,,,,,,,,,,,,,,,,
23,Apidae,,,,,,,,,,,,,,,,,,,,,,,,,,,,,,,,,,,,,,,,,,,,,,,,,,,,,0.027767067240353285,
24,Aplysiidae,,,,,,,,,,,,,,,,,,,,,,,,,,,,,,,,,0.009499713825431449,,,,,,,,,,,,,,,,,,,,,
25,Arenicolidae,,,,,,,,,,,,,,,,,,,,,,,,0.0231331130728742,0.013004571910681174,,0.04046670959137694,,,,,,,,,,,,,,,,,,,,,,,,,,,
26,Aristolochiaceae,,,,,,,,,,,,,,,,,,,,,,,,,,,,,,,,,0.009499713825431449,,,,,,,,,,,,,,,,,,,,,
27,Asellidae,,,,,,,,,,,,,,,,,,,,,,,,,,,,,,,,0.016919206304810308,,,0.01041949351864594,,,,,,0.011869906538207608,,,,,,,,,,,,,
28,Aspergillaceae,,,,,,,,,0.08638684255813601,,,0.07420557187415196,,,,,,,,,0.009397234612803269,0.009323832009705789,,0.0693993392186226,0.052018287642724696,0.022054054569561544,0.03304093002275449,0.023249527748763855,,,,,,,,,,,,,0.014537607156567258,,,,,,,,0.03566881875032109,,0.038895492079220696,,,
29,Aspidosiphonidae,0.03863337046431279,,,,,,,0.04463218426774518,,,,,,,,,,,,,,,,,,,,,,,,,,,,,,,,,,,,,,,,,,,,,,
30,Bacillariaceae,0.12216944435630522,0.1,,0.15066058828554763,0.14065622155408022,0.29657058333331304,0.3111406605352278,0.04463218426774518,,0.0944911182523068,,,,,0.042243047557175784,0.04424605508697462,0.028490144114909487,0.049859965494422814,0.07636035483212125,0.0534338261009167,0.0824603990673173,0.08894368861484496,0.0417149758616362,0.07067282781094568,0.07122897386178137,,,0.051987524491003634,,0.06876141641725289,0.042144975196108964,0.11762600844454181,0.11788834830391162,0.031023602427884885,0.07935249851602706,0.058691365712392515,,0.048120713610564574,,,0.04747962615283043,0.050713252544893596,0.10375096456423243,0.13489572604991726,0.051580208550896296,0.1752191610126156,0.3484854734952257,0.2674259638028931,,,,0.057928444636349226,0.1272446874558475,0.1419904585617662
31,Balanidae,,,,,,,,,,,,,,,,,,,,,,,,,,,,,,,,0.02184260141652595,0.02513388030837367,,0.02083898703729188,0.02396064971707363,,,,,,,,,,,,,,,,,,
32,Bangiaceae,,,,,0.042409446483998546,,,,,,,,,,,,,,,,,,,,,,,,,,,,,,,0.007224407713151682,,,,0.033709993123162106,,,,,,,,,,,,,,
33,Basidiobolaceae,,,,,,,,,,,,,,,,,,,,,,,,,,,,,,0.048621663832631515,,,,,,,,,,,,,,,,,,,,,,,,
34,Bathycoccaceae,,,,,,,,,,,,,0.16472910608620384,0.12960444602717608,,,0.37146603207697604,0.31925955353490426,0.012726725805353542,0.01403241019871622,0.0398690899146848,0.03955766904424295,0.13409488623762356,0.0925324522914968,0.07470557803231676,0.21038227204093282,0.19824558013652693,,,,,0.02184260141652595,0.02124200588045929,0.3412596267067337,0.05611068980477818,0.03956971069107488,0.6718329529104048,0.08252634300259692,0.41254477608171103,0.42905816516051654,0.055674796694440136,,,,,,,,,,0.038895492079220696,,,
35,Beroidae,,,,,,,,,,,,,,,,,,,,,0.04603685958917732,0.04567726174241559,0.08683664691971853,,,,,,,,,,,,,,,,,,,,,,,,,,,,,,,
36,Biecheleriaceae,,,0.16081688022566923,0.03551104121142175,,,,0.12623888061956062,0.06108472217815261,,,,,,0.014081015852391928,0.01713642344872287,,,0.012726725805353542,0.00701620509935811,,0.01614935076204746,,,,,,0.023249527748763855,,0.05436067275445352,0.14292056445532025,0.03783249542289887,0.023269451574769878,,0.0294707780942553,0.03464704224799639,,0.011670987352732655,,,0.008393291405217137,,,,,,,,0.05044332723053183,0.06318240236065634,0.1166864762376621,0.07094756547606032,0.027767067240353285,
37,Bitectiporidae,,,,0.03551104121142175,,,,,,,,,,,,,,,,,,,,,,,,,,,,,,0.043873999307185683,,,,,,,,,,,,,,,,,,,,
38,Bithyniidae,,,,,,,,,,,,,,,0.014081015852391928,,,,,,,,,,,,,,,,,,,,,,,,,,,,,,,,,,,,,,,
39,Bittacidae,,,,,,,,,,,,,,,,,,,,,,,,,,,,,,,,,,,,,,,,,0.008393291405217137,,,,,,,,,,,,,
40,Blastocystidae,,,,,,,,,,,,,,,,,,,,,0.009397234612803269,,0.0240841525429544,0.01335590905981797,0.022524579279982863,0.031189143077590267,0.023363465675799888,,,,,,0.009499713825431449,,,,,,,,0.008393291405217137,0.009417214581382252,,,0.009417214581382252,,,,,,,,,
41,Bothrioplanidae,,,,,,,,,,,,,,,,,,,,,,,,,,,,,,,,,,,,,,,,,,,,,,0.05006261743217589,,,,,,,,
42,Botryochloridaceae,,,,,,,,,,,,,,,,,,0.03525631971083364,,,,,,,,,,,,,,,,,,,,,,,,,,,,,,,,,,,,
43,Brachionidae,,,,,,,,,,,,,,,,,,,,,,0.009323832009705789,,,,,,,,,,,0.009499713825431449,,,,,,,,,,0.046398841899359104,,,,,,,,,,,
44,Bugulidae,,,,,,,,,,,,,,,,,,,,,,,,,,,,,,,,0.023927371020851115,0.03150698637470787,,,0.010216855368051905,,,,,,,,,,,,,,,,,,
45,Cafeteriaceae,,,,,,,,,,,,,,,,,,,,,,,,,0.013004571910681174,,,,,,,0.009768308314557043,0.009499713825431449,0.06204720485576977,0.01041949351864594,0.010216855368051905,0.06503543073398751,,,,,,,,,,,,,,,,,
46,Calanidae,,,,,,,,,,,,,0.03170213124741207,0.05796087030059365,0.20694782339040815,0.18350114528543138,,,0.20873382302811233,0.25654761381271496,0.05559478970984937,0.06042533757041826,,0.06120446424156233,0.09377730167883934,,,0.03287979746107146,,,,,0.018999427650862898,,0.018047092163429385,0.012513041213771196,,0.17013241454783,0.052534651463732235,,0.13083846440910532,,,0.04981354813867179,,,,,,,,,,
47,Caligidae,,,,,,,,,,,,,,,,0.013991831155211932,,,0.012726725805353542,,0.013289696638228264,,,,,,,,,,,,0.013434624130588352,,,,,,,,,,,,,0.025031308716087945,,,,,,,,
48,Calloporidae,,,,,,,,,,,,,,,,,,,,,,,,,,,,,,,,0.009768308314557043,0.009499713825431449,,,0.007224407713151682,,,,,,,,,,,,,,,,,,
49,Callyspongiidae,,,,,,,,,,,,,,,,,,,,,,,,,,,,,,,,,,,,0.007224407713151682,,,,,,,,,,,,,,,,,,
50,Calyptraeidae,,,,,0.042409446483998546,0.06183924141031063,0.07989354619369611,0.07730521080451097,0.06108472217815261,0.0944911182523068,0.05716619504750295,,,,,0.013991831155211932,,,0.015586992159713741,0.00701620509935811,,,,,,,,0.051987524491003634,0.1796053020267749,,,0.019536616629114087,0.018999427650862898,,,0.007224407713151682,,,,,,0.01331795258076845,,0.04981354813867179,0.01331795258076845,0.06131393394849658,,0.03511474936103118,0.17834409375160543,0.08935341032175405,0.07779098415844139,0.10033500931359766,,0.04490132550669373
51,Campanulariidae,,0.12909944487358055,,,,,,,,,,,,,,,,,,,0.09255202743161588,0.09277095715349828,0.07616077755067217,,0.013004571910681174,,,,,,,0.02184260141652595,0.009499713825431449,,,,,,,,,,,,,,,,,,,,,
52,Candonidae,0.03863337046431279,,,0.03551104121142175,,,,,,,,,,,,,,,,,,,,,,,,,,,,,,,,,,,,,,0.028251643744146758,0.06561787149247866,0.04981354813867179,0.028251643744146758,0.05006261743217589,,0.03511474936103118,,,,,,
53,Canuellidae,0.06691496051182058,0.1414213562373095,,0.05022019609518254,0.08481889296799709,,,,,,,,,,0.0536189109159449,0.019787437382135124,,,0.06299407883487121,0.05953447444742104,0.013289696638228264,0.01614935076204746,,,0.013004571910681174,,,0.03287979746107146,,,,0.009768308314557043,0.023269451574769878,,0.027567388637586503,0.007224407713151682,,0.05019881469787353,,,0.03460642701029914,0.01331795258076845,,,0.01331795258076845,,,,,,0.055006532413609206,,0.06208904988523744,0.11879774082787287
54,Capitellidae,0.03863337046431279,,,,,,,,,,,,,,,,,,,,,,,,,,,,,,,0.05611465906367124,0.009499713825431449,0.031023602427884885,,0.010216855368051905,,,,,,,,,,,,,,,,,,
55,Cardiidae,,,,,,,,,,,,,,,,0.013991831155211932,,,,,,,,,,,,,,,,0.030890103160760775,0.04455760744061619,0.043873999307185683,,,,,,,,,,,,,,,,,,,0.08330120172105986,
56,Carditidae,,,,,,,,,,,,,,,,,,,,,,,,,,,,,,,,0.009768308314557043,0.009499713825431449,,,,,,,,,,,,,,,,,,,,,
57,Caryophyllaceae,,,,,,,,,,,,,,,,,,,,,,,0.0240841525429544,,,,,,,,,0.013814474099888441,0.023269451574769878,,,0.007224407713151682,,,,,0.020559281205269585,,,,,,,0.03511474936103118,,,,,0.027767067240353285,
58,Catenulidae,,,,,,0.04372694694466261,,,,,,,,,,,,,,,,,,,,,,,,,,,,,,,,,,,,,,,,,,,,,,,,
59,Catostylidae,,,,,,,,,,,,,,,,,,,,,,,,,,,,,,,,,,,,,,,,,0.008393291405217137,,,,,,,,,,,,,
60,Celleporidae,,,,,,,,,,,,,,,,,,,,,,,,,,,,,,,,0.009768308314557043,0.013434624130588352,,,,,,,,,,,,,,,,,,,,,
61,Cephalobidae,,,,,,,,,,,,,,,,,,,,,,,,,,,,,,,,,0.009499713825431449,,,,,,,,,,,,,,,,,,,,,
62,Cephalodiscidae,,,,,,,,,,,,,,,,,,,,,,,,,,,,,,0.024310831916315757,,,,,,,,,,,,,,,,,,,,,,,,
63,Cephalothricidae,,0.05773502691896258,,,,,,,,,,,,,,,,,,,,,,,,,,,,,,,,,,,,,,,,,,0.028759865427152538,,,,,,,,,,
64,Ceramiaceae,,,,,,,,,,,,,,,,,,,,,,,,,,,,,,,,0.0662518903662321,0.06850341059965451,,,0.012513041213771196,,,,,,,,,,,,,,,,,,
65,Cercomonadidae,,,,,,,,,,,,,,,,0.009893718691067562,,,,,0.021012855394742028,0.022838630871207796,0.0417149758616362,0.04006772717945391,0.04313128558692467,0.022054054569561544,0.05722856952873867,0.06151246852292455,,0.05436067275445352,0.08940299326232247,,0.02124200588045929,,0.02083898703729188,0.02284558311924769,0.042575683456079316,0.014293981904335416,,,,,,,,,,,0.03566881875032109,,,,,
66,Chaetocerotaceae,,,,0.10653312363426524,,,,0.04463218426774518,,0.1336306209562122,,,,,,0.013991831155211932,,,0.015586992159713741,0.009922412407903508,0.0398690899146848,0.04567726174241559,,0.0231331130728742,0.03440686318251846,,,0.04026936331284146,,,0.042144975196108964,0.05260395016079195,0.03554467440716411,,0.03294933158428328,0.019113986178736202,,0.014293981904335416,,,0.023739813076415216,,,0.028759865427152538,,,,0.03511474936103118,0.10700645625096325,0.06318240236065634,0.07779098415844139,0.04096159602595202,,
67,Chaetonotidae,0.07726674092862558,0.08164965809277261,,,0.042409446483998546,,,0.07730521080451097,,0.0668153104781061,,,,,,,,,,,,,,,,,,,,,,0.009768308314557043,,,,,,,,,,,0.03280893574623933,0.04067259173910421,,,,,,0.06318240236065634,0.07779098415844139,,0.06208904988523744,
68,Champiaceae,,,,,,,,,,,,,,,,,,,,,,,,,0.013004571910681174,,,,,,,0.039073233258228174,0.03554467440716411,,,,,,,,,,,,,,,,,,,,,
69,Characeae,,,,,,,,,,,,,,,,,,,,,,0.009323832009705789,,,,,,,,,,0.009768308314557043,0.009499713825431449,,,,,,,,,,,,,,,,,,,,,
70,Chattonellaceae,,,,,,,,0.04463218426774518,,,,,,,,,,,,,0.01627648780002011,0.026371779362828637,,0.01335590905981797,,,0.03304093002275449,0.14704292441876154,0.1270001270001905,0.05954913341754137,0.05960199550821498,0.04257906879250228,0.034251705299827254,,0.0846483655023351,0.0823709213543221,,0.011670987352732655,,0.033709993123162106,0.008393291405217137,,0.03280893574623933,,,,,,,,,,,
71,Childiidae,,,,,,,,,,,,,,,,,,,,,,,,,,,,,,,,,,,,,,,,,,,,,,,,,,,,,0.027767067240353285,
72,Chironomidae,,,,,,,,,,,,,,,,,,,,,,0.009323832009705789,,,,,,,,,,,,,,,,,,0.033709993123162106,0.008393291405217137,,,,,,,,,,,,,
73,Chlamydomonadaceae,,,,,,,,,,,,,,,,,,,0.01799830823853463,,,,,,,,,,,,,,,,,,,0.016505268600519388,,,0.008393291405217137,,0.03280893574623933,,,,,,,,,,,
74,Chlorellaceae,,,,,,,0.03261640365267211,,,,,,0.03170213124741207,,,,,,,,,0.01614935076204746,,0.01335590905981797,0.026009143821362348,,,,,,,,,,,0.012513041213771196,0.054964970992931274,0.008252634300259694,,,,,,,,,,,,,,,,
75,Chlorocystidaceae,,,,,,0.06183924141031063,0.06523280730534423,,,,,,,,,,,,,,,,,0.029864720559058283,0.03901371573204352,0.03819874302737716,,,,,,0.049808794710717016,0.05289216809432088,0.07599199593128732,0.01473538904712765,0.012513041213771196,,,,,,0.029779847291717013,,,0.029779847291717013,0.07509392614826382,0.09740465098831573,0.04965975478570227,,,,,,
76,Chlorodendraceae,,,,,0.042409446483998546,,0.08629489272626914,,,,,,,,,,,,,,,,,,,,,,,,,0.009768308314557043,,,0.01041949351864594,0.012513041213771196,,,,,,,,,,,,0.03511474936103118,,0.06318240236065634,0.038895492079220696,0.04096159602595202,,0.04490132550669373
77,Chlorokybaceae,,,,,,,,,,,,,,,,,,,,,,,,,,,,,,,,,,,0.01041949351864594,,,,,,0.008393291405217137,,,,,,,,,,,,,
78,Chondracanthidae,0.03863337046431279,,,,,,,,,,,,,,0.06529098452205499,0.055967324620847726,,,0.06489382322564256,0.07086019804952842,,,,,,,,,,,,,,,0.025522442498919037,0.010216855368051905,,0.016505268600519388,,,0.0444131234790008,,,,,,,,,,,0.04096159602595202,,
79,Chromulinaceae,,,,,,,,0.04463218426774518,,,,,0.044833583966222036,,,,,,,,,0.01614935076204746,0.0417149758616362,,,,0.023363465675799888,,,,,0.013814474099888441,0.009499713825431449,,,0.007224407713151682,,,,0.033709993123162106,0.008393291405217137,,0.03280893574623933,,,,,,,,,,,
80,Chrysochromulinaceae,,,,,,,,,,,0.08084520834544433,,0.12680852498964829,0.13385489628205094,0.042243047557175784,0.04424605508697462,0.13957263155977062,0.15962977676745213,0.023809523809523808,0.017186122424140717,0.036395333155790965,0.04844805228614238,0.0834299517232724,0.06543032449513807,0.055173725906824525,0.09613139516405018,0.08423817346663942,,,,,0.03522013650267664,0.04140829255761187,0.06204720485576977,0.06423007175018552,0.06777095158631317,0.13686167405367147,0.011670987352732655,0.08024800564689186,0.12154310870109943,0.030262442531421588,,,,,,,,,,,,,
81,Chytridiaceae,,,,,,,,,,,,,,,,,,,,,0.009397234612803269,0.009323832009705789,,,,,,,,,,,0.009499713825431449,,,,,,,,,,,,,,,,,,,,,
82,Chytriomycetaceae,,,,,,,,,,,,,,,,,,,,,,,,,0.01839124196894151,0.022054054569561544,,,,,,,,,,,,,,,,,,,,,,,,,,,,
83,Cicerinidae,,,,,,,,,,,,,,,,,,,,,,,,,,,,,,,,,,,,,,,,,,,,,,,,0.03511474936103118,,,,,,
84,Cionidae,,,,,,,,,0.08638684255813601,,,,,,,,,,,,,,,,,,,,,,,0.02584451453012244,0.034251705299827254,,,,,,,,,,,,,,,,,,,,,
85,Cirratulidae,,,,0.07940510210053552,0.12722833945199563,,,0.10932607756185055,,,0.1143323900950059,,,,,,,,,,,,,,,,,,,,,,,,0.01473538904712765,,,,,,0.008393291405217137,0.20328972330114994,0.20224786293662714,0.028759865427152538,0.2030714841364644,0.1251565435804397,,,0.03566881875032109,0.09990014975043672,0.07779098415844139,0.04096159602595202,,
86,Cladosporiaceae,,,,,,,,,,,,,,,,,,,,,,0.009323832009705789,,,,,,,,,,,,,,,,,,,0.008393291405217137,,,,,,,,,,,,,
87,Cladostephaceae,,,,,,,,,,,,,,,,,,,,,,,,,,,,,,,,0.013814474099888441,0.009499713825431449,,,,,,,,,,,,,,,,,,,,,0.0777713771047819
88,Clathrinidae,,,,,,,,,,,,,,,,,,,,,,,,0.01335590905981797,0.029079106810567426,,,,,,,,,,,,,,,,,,,,,,,,,,,,,
89,Cleomaceae,,,,,,,,,,,,,,,,,,,,,,,,,,,,,,,,,,,,,,,,,0.008393291405217137,,,,,,,,,,,,,
90,Closteriaceae,,,,,,,,,,,,,,,,,,,,,,,,,,,,,,,,,,,,,,,,,,,0.03280893574623933,,,,,,,,,,,
91,Coccomyxidae,,,,,,,,,,,,,,,,,,,,,,,,,,,,,,,,0.016919206304810308,,,,,,,,,,,,,,,,,,,,,,
92,Coleochaetaceae,,,,,,,,,,,,,,,,0.009893718691067562,,,,,0.013289696638228264,,0.0240841525429544,,0.013004571910681174,,,,,,,,,,,,,,,,,,,,,,,,,,,,,
93,Collozoidae,,,,,,,,,,0.1494035761667992,0.09901475429766743,,,,0.017245651949200677,0.013991831155211932,0.10272267545166477,0.0863599934999714,0.015586992159713741,0.01403241019871622,,,,,,,,,,,,0.019536616629114087,0.02124200588045929,,,,,,,,,,,,,,,,,0.044676705160877024,0.038895492079220696,0.057928444636349226,0.08330120172105986,
94,Colponemidia,,,,,,,,,,,,,,,,,,,,,,0.009323832009705789,0.03406013516450858,0.0231331130728742,0.01839124196894151,,,,,,0.042144975196108964,,,,0.01473538904712765,0.007224407713151682,,,0.042894363300367125,,0.008393291405217137,,,0.028759865427152538,,,,,,,,,,
95,Coniophoraceae,,,,,,,,,,0.0668153104781061,,,,,,,,,,,,,,,,,,,,,,,,,,,,,,,,,,,,,,,,,,,,
96,Convolutidae,,,,,0.042409446483998546,,,,,,,,,,,,,,,,,,,,,,,0.023249527748763855,,,,,,,,,,,,,,,,,,,,,,,0.06736896846660308,,,
97,Corallimorphidae,,,,,,,,,,,,,,,,,,,,,,,,,,0.022054054569561544,,,,,,,,,,,,,,,0.008393291405217137,,,,,,,,,,,,,
98,Corallinaceae,,,,,,,,,,,,,,,,,,,,,,,,,,,,,,,,0.009768308314557043,0.013434624130588352,,0.018047092163429385,0.007224407713151682,,,,,,,0.03280893574623933,,,,,,,,,,,
99,Corbiculidae,,,,,,,,,,,,,,,,,,,,,,,,,,,,,,,,,,,,0.01615426674378096,,,,,,,,,,,,,,,,,,
100,Cornirostridae,,,,,,,,,,,,,,,,,,,,,,,,,,,,,,,,,0.009499713825431449,,,,,,,,,,,,,,,,,,,,,
101,Corymorphidae,,,,,,,,,,,,,,,,,,,,,0.009397234612803269,,,,,,,,,,,,,,,,,,,,,,,,,,,,,,,,,
102,Corynesporascaceae,,,,,,,,,,,,,,,,,,,,,,,,,,,,,,,,,,,,,,,,,,,,,,,,,,,0.038895492079220696,,,
103,Corynidae,,,,,,,,,,,,,,,,,,,,,,,,,,,,,,,,0.009768308314557043,,,,,,,,,,,,,,,,,,,,,,
104,Crangonidae,,,,,,,,,,,,,,,,0.009893718691067562,,,,,,,,,,,,,,,,,,,,,,,,,,,,,,,,,,,,,,
105,Crassatellidae,,,,0.03551104121142175,,,,,,,,,,,,,,,,,,,,,,,,,,,,,,,,,,,,,,,,,,,,,,,,,,
106,Crisiidae,,,,,,,,,,,,,,,,,,,,,,,,,,,,,,,,,,0.031023602427884885,,,,,,,,,,,,,,,,,,,,
107,Cruoriaceae,,,,,,,,,,,,,,,,,,,,,,,,,,,,,,,,0.019536616629114087,0.009499713825431449,,,0.007224407713151682,,,,,,,,,,,,,,,,,,
108,Crustomastigaceae,,,,,,,,,,,,,,,,,,,,0.009922412407903508,0.009397234612803269,,,,,,,0.023249527748763855,,,,0.013814474099888441,0.009499713825431449,,0.018047092163429385,0.007224407713151682,,0.011670987352732655,0.042894363300367125,0.033709993123162106,,,,,,,,,,,,,,
109,Crypthecodiniaceae,,,,,,,,,,,,,,,,,,,,,0.009397234612803269,,,,,,,,,,,,,,,,,,,,,,,,,,,,,,,,,
110,Cryptomonadaceae,,,,,,,,,,,,,,,,,,,,,,,,0.01335590905981797,,,,,,,,,0.009499713825431449,,,,,0.011670987352732655,,,,,,,,,,,,,,,,
111,Cryptosporidiidae,,,,,0.059976014390406715,,,,,,,,,,,,,,,,,0.01614935076204746,,,,,,,,,,,,,,,,,,,,,,,,,,,,,,,,
112,Cuniculitremaceae,,,,,,,,,,,,,,,,,,,,0.009922412407903508,,,,,,,,,,,,,,,,0.007224407713151682,,,,,,,,,,,,,,,,,,
113,Cuninidae,,,,,,,,,,,,,,,,,,,,,,,,,,,,,,,,,,,,,,,,,0.016786582810434273,,,,,,,,,,,,,
114,Cyanophoraceae,,,,,,,,,,,,,0.03170213124741207,,,,,,,,0.018794469225606538,0.01614935076204746,0.03406013516450858,0.018888107730216264,0.013004571910681174,,0.03304093002275449,,0.1270001270001905,0.034380708208626445,,,,,0.01041949351864594,0.007224407713151682,0.03476289997254991,,,0.04767312946227961,,,,,,,,,,,,,,
115,Cyclopettidae,0.03863337046431279,,,,,,,,,,,,,,0.12711968024652198,0.10041027817117082,,,0.12726725805353542,0.13730984058168264,0.02301842979458866,0.022838630871207796,,0.04429653908552456,0.03678248393788302,,,,,,,0.07244371334390193,0.046538903149539755,,0.01041949351864594,,,0.06653486483114308,,,0.09194390068703319,,,,,,,,,,,,,
116,Cyclopidae,0.06691496051182058,0.05773502691896258,,,0.059976014390406715,,,,,,,,,,0.05974069077132964,0.0541901290470819,,,0.04588686245997293,0.06353443938285137,0.013289696638228264,,,0.032715162247569034,0.026009143821362348,,,0.023249527748763855,,,,0.02930492494367113,0.023269451574769878,,0.01041949351864594,,,0.04444179579990958,,,0.0444131234790008,,,,,,,,,,,0.09159291318091396,,
117,Cyprididae,,,,0.07940510210053552,,,,,,,,,,,,,,,,,,,,,,,,,,,,,,,,,,,,,,,,,,,,,,,,,0.027767067240353285,
118,Cystofilobasidiaceae,,,,,,,,,,,0.08084520834544433,,,,,,,,,,,,,,,,,,,,,,,,,,,,,,,,,,,,,,,,,,,
119,Daphniidae,,,,0.06150692760785472,,,,,,,,,,0.033463724070512735,,,,,,,,,,,,,,,,,,0.016919206304810308,0.013434624130588352,,,0.007224407713151682,,,,,0.016786582810434273,,,,,,,,,0.044676705160877024,,,,
120,Dasyaceae,,,,,,,,,,,,,,,,,,,,,,,,,,,,0.04026936331284146,,,,,,,,,,,,,,,,,,,,,,,,,,
121,Delesseriaceae,,,,,0.059976014390406715,,,,,,,,,,,,,,,,,,,,,,,,,,,0.02184260141652595,0.02124200588045929,,,,,,,,0.008393291405217137,,,,,,,,,,,,,
122,Dicranophoridae,,,,,,,,,,,,,,,,,,,,,,0.009323832009705789,,,,,,,,,,,,,,,,0.008252634300259694,,,,,,,,,,,,,,,,
123,Dictyotaceae,,,,,,,,,,,,,,,,,,,,,,,,,,,,,,,,0.14974533088593248,0.14312762049190994,0.18089713336180263,0.01041949351864594,,0.02458108230429969,,,,,,,,,,,,,,,,,
124,Didymiaceae,,,,,,,,,,,,,,,,,,,,,,,,,,,,,,,,,,,,,,,,,0.008393291405217137,,,,,,,,,,,,,
125,Dioscoreaceae,,,,,,,,,,,,,,,,,,,,,,,,0.01335590905981797,,,,,,,,,,,,,,,,,,,,,,,,,,,,,,
126,Diphyidae,,,,,,,,,,,,,,,,,,,,,,,,,,,,,,,,,,,,,,0.008252634300259694,,,,,,,,,,,,,,,,
127,Diplogasteridae,,,,,0.042409446483998546,,,,,,,,,,,,,,,,,,,,,,,,,,,,,,,,,,,,,,,,,,,,,,,,,
128,Diplonemidae,0.09463204468147676,0.18257418583505536,,0.07940510210053552,0.11220484863656274,,,0.06311944030978031,,,0.09901475429766743,,0.03170213124741207,,0.03982712718088643,0.07134462009132111,,0.03525631971083364,0.06169509233747297,0.04437437728971923,0.046986173064016354,0.04933708152765018,0.03406013516450858,0.055067823779773345,0.050366490434624954,0.06974104408145884,0.046726931351599776,0.1294478920521951,,0.13965509693273204,0.042144975196108964,0.0662518903662321,0.08389920080475907,0.06204720485576977,0.02083898703729188,0.02396064971707363,0.02458108230429969,0.011670987352732655,0.030330895164368973,,,,0.14301083536297646,0.13489572604991726,,,0.04356068418690321,,0.10088665446106367,0.06318240236065634,0.09527410888855545,0.057928444636349226,0.16890047618589216,0.254000254000381
129,Discodorididae,,,,,,,,,,,,,,,,,,,,,,,,,,,,,,,,0.009768308314557043,,,,,,,,,,,,,,,,,,,,,,
130,Dolichomacrostomidae,0.054635836470815304,,,,,,,,,,,,,,,,,,,,,,,,,,,,,,,0.009768308314557043,,,,,,,,,,,0.06561787149247866,0.07044699536763468,,,,,,,,,,
131,Dolichomastigaceae,,,,,0.042409446483998546,,,,,,,,,,,,,,,,,0.009323832009705789,,,,,,,,,,0.009768308314557043,,,,0.010216855368051905,0.02458108230429969,,,,,,,,,,,,,0.044676705160877024,,0.07094756547606032,,
132,Donacidae,,,,,,,,,,,,,,,,0.013991831155211932,,,,,,,,,,,,,,,,,,,,,,,,,,,,,,,,,,,,,,
133,Dreissenidae,,,,,,,,,,,,,,,,,,,,,,,,,,,,,,,,,,,,,,,,,,0.009417214581382252,,,0.009417214581382252,,,,,,,,,
134,Ebriacea,,0.08164965809277261,,0.03551104121142175,,,,0.06311944030978031,,0.0668153104781061,0.09901475429766743,,,,0.03589968730127789,0.013991831155211932,,,0.008999154119267315,,0.07339474858906553,0.08796085525802982,0.0722524576288632,0.11411293702920508,0.10239810162285638,0.022054054569561544,0.046726931351599776,0.051987524491003634,0.1796053020267749,0.042107596053325945,0.15485052667908053,0.0458174272654126,0.04843922616942212,,0.025522442498919037,0.03539222518209744,,0.011670987352732655,,,0.011869906538207608,,0.03280893574623933,0.04067259173910421,,,,,0.05044332723053183,0.06318240236065634,,0.04096159602595202,,
135,Echiniscidae,,,,,,,0.04612656040144426,,,,,,,,,,,,,,,,,,,,,,0.1796053020267749,0.034380708208626445,,,,,,,,,,,,,,,,,0.06160411036336974,,,,,,0.03926856307863329,
136,Echinoderidae,,,,,,,,,,,,,,,,,,,,,,,,,,,,,,,,0.016919206304810308,,,,,,,,,,,,,,,,,,,,,,
137,Ectocarpaceae,,,,,,,,,,,,,,,,,,,,,,,,,,,,,,,,0.013814474099888441,0.009499713825431449,,,,,,,,,,,,,,,,,,,,,
138,Eimeriidae,,0.08164965809277261,,,,,,,,,,,,,0.014081015852391928,0.01713642344872287,0.028490144114909487,,,0.012152423708412088,0.021012855394742028,,,0.0231331130728742,,,,0.04026936331284146,,0.042107596053325945,0.05161684222636018,0.009768308314557043,,,0.01473538904712765,0.012513041213771196,,0.011670987352732655,,,0.008393291405217137,,,,,,,,,,,,,
139,Eirenidae,,,,,,,,,,,,,,,,,,,,,0.013289696638228264,0.013185889681414318,,,,,,,,,,,,,,,,,,,,,,,,,,,,,,,,
140,Electridae,,,,,,,,,,,,,,,,,,,,,,,,,,,,,,,,,0.013434624130588352,,,,,,,,,,,,,,,,,,,,,
141,Emydidae,,,,,,,,,,,,,,,,,,,,,,,,0.018888107730216264,,,,,,,,,,,,,,,,,,,,,,,,,,,,,,
142,Enchytraeidae,,,,,,,,,,,,,,,,,,,,,,,,,,,,,,,,,,,,,,,,,,0.021057531962672942,,,0.021057531962672942,,,,,,,,,
143,Enicocephalidae,0.03863337046431279,,,,,,,,,,,,,,,,,,,,,,,,,,,,,,,,0.009499713825431449,,,,,,,,,,,,,,,,,,,,,
144,Enterocytozoonidae,,,,,,,,,,,,,,,0.014081015852391928,0.009893718691067562,,,,,,,,,,,,,,,,,,,,,,,,,,,,,,,,,,,,,,
145,Ephemeridae,0.1281323942169239,0.17320508075688773,,0.2609517936087849,0.28131244310816045,0.33013120979207083,0.08629489272626914,,,,,,,,0.028162031704783857,0.013991831155211932,,,0.01799830823853463,0.018563133840324784,0.07094756547606032,0.08545433190305803,,0.07436255449645311,0.08121352555223196,,,0.08053872662568291,,0.024310831916315757,0.07299723832339083,0.07374911048758435,0.07775850889299034,,0.04659739159762159,0.04625878012917835,,0.027370891505978587,,,0.061104083762734455,0.051580208550896296,0.19410028147334085,0.1548766151562262,0.051580208550896296,0.16603891804563292,0.37724659112089265,0.2874266110159229,,,,,0.194369470682473,0.19050019050028574
146,Epizoanthidae,,,,,,,,,,,,,,,,,,,,,,,,,,,,,,,,,,,,,,,,,0.03140482078567693,,,,,,,,,,,,,
147,Eresidae,,,,0.03551104121142175,,,,,,,,,,,,,,,,,,,,,,,,,,,,,,,,,,,,,,,,,,,,,,,,,,
148,Erythraeidae,,,,,,,,,,,,,,,,,,,,0.009922412407903508,,,,,,,,,,,,,,,,,,,,,,,,,,,,,,,,,,
149,Euglyphidae,,,,,,,,,,,,,,,,,,,,,,0.013185889681414318,,0.0231331130728742,0.026009143821362348,0.03819874302737716,0.03304093002275449,,,0.024310831916315757,0.02980099775410749,,0.009499713825431449,,,,,,,,,,,,,,,,,,,,,0.04490132550669373
150,Eulimidae,,,,,,,,,,,,,,,0.02987034538566482,0.019787437382135124,,,0.008999154119267315,,,,,,,,,,,,,,,,,,,,,,,,,,,,,,,,,,,
151,Euplotidae,,,,,,,,,,,,,,,,,,,,,,,,,,,,,,,,,0.009499713825431449,,,,,0.011670987352732655,,,,,,,,,,,,,,,,
152,Eupodidae,,,,,,,,,,,,,,,,,,,,,,,,,,,,,,,,,,,,,,,,,,,0.03280893574623933,,,,,,,,,,,
153,Eurystomatellidae,,,,,,,,,,,,,,,,,,,0.008999154119267315,,,,,,,,,,,,,,,,,,,,,,,,,,,,,,,,,,,
154,Eylaidae,,,,,0.07345531603115876,,,,,,,,,,,,,,,,,,,,,,,,,,,,,,,,,,,,,,,,,,,,,,,,,
155,Fabaceae,,,,,,0.07573729376802432,0.07293249574894728,0.08926436853549036,0.12216944435630522,0.0668153104781061,,0.16241865089494809,,,,,,,,,0.009397234612803269,,,,,,,,,,,0.013814474099888441,0.013434624130588352,,,0.007224407713151682,,,,,,,,0.04067259173910421,,0.03539961627023944,0.08712136837380642,,0.05044332723053183,,,0.04096159602595202,,
156,Flabelligeridae,,,,,,,,,,,,,,,,,,,,,,,,,,,,,,,,,,,,,,,,,,,,,,,,,,,,,0.05553413448070657,
157,Flabellulidae,,,,,,,,,,,,,,,,,,,0.015586992159713741,,,,,,,,,,,,0.0988387279285985,,,,,,,,,,0.014537607156567258,,,,,,,,,0.044676705160877024,,,,
158,Flustrellidridae,,,,,0.042409446483998546,,,,,,,,,,,,,,,,,,,,,,,,,,,,0.023269451574769878,,0.01041949351864594,,,,,,,,,,,,,,,,,,,
159,Fucaceae,,,,,,,,,,,,,,,,,,,,,0.009397234612803269,,0.0240841525429544,,,,0.023363465675799888,,,,,,,,,,,0.014293981904335416,,,,,,,,,,,,,,,,
160,Gadilinidae,,,,,,,,,,,,,,,,,,,,,,,,,,,,,,,,,,,,,,,,,,,,,,,,,,,0.038895492079220696,,,
161,Gelidiaceae,,,,,,,,,,,,,,,,,,,,,,,,,,,,,,,,0.009768308314557043,,,,,,,,,,,,,,,,,,,,,,
162,Geminigeraceae,,,,,,,,,,,,,,,,,0.040291148201269014,0.06595853453825222,0.020122720350678965,0.009922412407903508,0.03116710127760915,0.030923652384499428,0.0417149758616362,0.03777621546043253,0.03185456550449977,0.022054054569561544,0.0738817655706927,,,,,0.030890103160760775,0.039168323515394274,0.031023602427884885,0.03756801814584264,0.04792129943414726,0.054964970992931274,0.04668394941093062,0.0742952165945537,0.05838742081211422,0.056926071954711804,,,,,,,,,,,,,
163,Geosiphonaceae,,,,,,,,,,,,,,,,,,,,,,,,,,,,,,,,,,,,,,,,0.033709993123162106,,,,,,,,,,,,,,
164,Geryoniidae,,,,,,,,,,,,,,,0.033022909334191324,0.03957487476427025,,,0.008999154119267315,,,,,,,,,,,,,,,,,,,0.018453451288827083,,0.06741998624632421,0.04965538159606887,,,,,,,,,,,,,
165,Gigartinaceae,,,,,,,,,,,,,,,,,,,,,,,,,,,,,,,,,,,0.01041949351864594,,,,,,,,,,,,,,,,,,,
166,Glaucocystaceae,0.03863337046431279,,,,,,,,,,,,,,,,,,,,0.009397234612803269,0.013185889681414318,,0.01335590905981797,,0.031189143077590267,,,,,,,,,0.01473538904712765,,,,0.030330895164368973,0.033709993123162106,,,,,,,,,,,,,,
167,Gloeochaetaceae,,,,,,,,,,,,,,,,0.02212302754348731,,,,0.009922412407903508,,,,,,,,,,0.034380708208626445,,,,,0.01041949351864594,0.007224407713151682,,,0.030330895164368973,,,,,,,,,,,,,,,
168,Glyceridae,,,,0.0710220824228435,,,,,,,,,,,,,,,,,,,,,,,,,,,,0.013814474099888441,,,,,,,,,,,,,,,0.07544931822417852,,,,,,,
169,Gnathostomulidae,,,,,,,,,,,,,,,,,,,,,,,,,,,,,,,,,,,,,,,,,,0.009417214581382252,,,0.009417214581382252,0.06131393394849658,,,,,,,,
170,Gnetaceae,,,,,,,,,,,,,,,,0.009893718691067562,,,,,,,,,,,,,,,,,,,,,,,,,,,,,,,,,,,,,,
171,Gnomoniaceae,,,,,,,,,,,,,,,,,,,,,,,,,,,,,,,,,,,,,,0.008252634300259694,,,,,,,,,,,,,,,,
172,Gonapodyaceae,,,,,,,,,,,,,,,,,,,,,,,,,,,,,,,,,,,,,,0.014293981904335416,,,,,,,,,,,,,,,,
173,Goniodomataceae,,,,,,,,,,,,,,,,,,,,,,,,,,,,,,,,,,,,,,,,,0.011869906538207608,,,,,,,,,,,,,
174,Goniomonadaceae,,,,,,,,,,,,,,,,,,,,,0.01627648780002011,0.009323832009705789,0.0240841525429544,0.0231331130728742,0.01839124196894151,0.03819874302737716,0.03304093002275449,,,,,,0.009499713825431449,,,0.007224407713151682,0.02458108230429969,,,,,,,0.04067259173910421,,0.025031308716087945,,,,,,,,0.04490132550669373
175,Gonyaulacaceae,0.14962640041614494,,,0.06150692760785472,,,,0.14802820879011394,0.19316685232156394,0.33407655239053047,0.1143323900950059,,,,0.037254866152587225,0.03701890562309636,,,0.020122720350678965,0.01403241019871622,,,0.0240841525429544,,,0.031189143077590267,0.03304093002275449,,,,,,0.018999427650862898,,,0.02043371073610381,,0.034026482909566,,,0.014537607156567258,,0.046398841899359104,,,,,,0.14267527500128435,0.15476464650682736,0.14023969107603368,0.10837419638896069,0.08330120172105986,0.10040241611281235
176,Gracilariaceae,,,,,,,,,,,,,,,,,,,,,,,,,,,,,,,,0.016919206304810308,0.02513388030837367,,,0.007224407713151682,,,,,,,,,,,,,,,,,,
177,Gregarinidae,,,,,,,0.03261640365267211,,,,,,,,,,,,,,,,,,,,,,,,,,,,,,,,,,,,,,,,,,,,,,,
178,Gryphaeidae,,,,,,,,,,,,,,,,,0.028490144114909487,,0.048461928057057846,0.036457271125236265,,,,,,,,,,,,,,,,,,,,,,,,,,,,,,,,,,
179,Gymnodiniaceae,,,,,0.042409446483998546,,,0.15461042160902194,0.17277368511627203,0.22160131510697959,0.15124753549550501,,0.08387595531138221,0.0473248524280301,0.18865408512576304,0.201550373004521,0.08058229640253803,0.05574513610066167,0.1527207096642425,0.11528801403003636,0.21117658316175647,0.2109742349026291,0.1445049152577264,0.1831269987769581,0.17005684428800066,0.1412148513480262,0.09633003676181563,0.06151246852292455,0.21997067253202993,0.16308201826336055,0.1264349255883269,0.07044027300535328,0.0678415263759577,0.031023602427884885,0.17372767471378625,0.1820493406242162,0.06021110897089117,0.17506481029098983,0.1213235806574759,0.05838742081211422,0.12533856930998888,0.01331795258076845,0.03280893574623933,0.028759865427152538,0.01331795258076845,,,,0.10088665446106367,0.09990014975043672,0.09527410888855545,0.07094756547606032,,0.06350006350009525
180,Halacaridae,,,,,,,,,,,,,,,,,,,,,,,,,,,,0.023249527748763855,,0.034380708208626445,,,,,,,,,,,,0.009417214581382252,,,0.009417214581382252,,,,,,,,,
181,Haleciidae,,,,,,,,,,,,,,,,,,,,,,,,,,,,,,,,0.023927371020851115,0.030040732808154565,,,,,,,,,,,,,,,,,,,,,
182,Haliclystidae,,,,,,,,,,,,,,,,,,,,,,,,,,,,,,,,,,,,,,,,,,,,,,,,,,,,,0.027767067240353285,
183,Halisarcidae,,,,,,,,,,,,,,,,,,,,,,,,,,,,,,,,0.009768308314557043,,,0.01041949351864594,0.007224407713151682,,,,,,,,,,,,,,,,,,
184,Halopterididae,,,,,,,,,,,,,,,,,,,,,,,,,,,,,,,,,,,,,,,,,,,0.05682674365474925,,,,,,,,,,,
185,Halymeniaceae,,,,,,,,,,,,,,,,,,,,,,,,,,,,,,,,0.009768308314557043,0.016453987003011768,,0.01041949351864594,0.007224407713151682,,,,,,,,,,,,,,,,,,
186,Hapalidiaceae,,,,,,,,,,,,,,,,,,,,,,,,,,,,,,,,0.016919206304810308,0.018999427650862898,,0.01041949351864594,0.02043371073610381,,,,,0.014537607156567258,,,,,,,,,,,,,
187,Haploposthiidae,,0.05773502691896258,,,,0.06183924141031063,,,,0.0944911182523068,,,,,,,,,,,,,,,,,,0.023249527748763855,,,,,,,,,,,,,,,0.046398841899359104,0.04981354813867179,,0.025031308716087945,0.250237079237724,0.12164105997670553,,,0.055006532413609206,,0.03926856307863329,
188,Haplosporidiidae,,,,,,,,,,,,,,,,,,,,,,,,,,,,,,,,0.023927371020851115,0.018999427650862898,,,,,,,,,,,,,,,,,,,,,
189,Harpacticidae,0.03863337046431279,0.05773502691896258,,0.05022019609518254,,,,0.07730521080451097,,,,,,,0.028162031704783857,0.03128668559275329,,,0.02984681764419089,0.045470205935786864,0.018794469225606538,0.01614935076204746,,0.029864720559058283,0.026009143821362348,,,0.04026936331284146,,,,0.02584451453012244,0.04248401176091858,,0.025522442498919037,0.012513041213771196,,0.04288194571300625,,,0.04279755665847279,,0.06561787149247866,,,,,,,0.07738232325341368,,0.057928444636349226,0.027767067240353285,0.04490132550669373
190,Harpellaceae,,,,,,,,,,,,,,,,,,,,,0.013289696638228264,0.022838630871207796,,,,,,,,,,0.009768308314557043,,,,,,,,,,,,,,,,,,,,,,
191,Harrimaniidae,,,,,,,,,,,,,,,,,,,,,,,,,,,,,,,,,,,,,,,,,,,0.07336301059801394,0.07609145165993002,,,,,0.06178020632152155,,0.2130393839705269,0.21284269642818093,,
192,Helicogloeaceae,,,,,,,,,,,,,,,,,,,,,,,,,,,,,,,,,,,,0.007224407713151682,,,,,,,,,,,,,,,,,,
193,Helotiaceae,,,,,,,,,,,,,,,,,,,,,,,,,,,,,,,,,,,,,,,,0.033709993123162106,,,,,,,,,,,,,,
194,Hemiselmidaceae,,,,,,,,,,,,,,,0.017245651949200677,,0.08547043234472847,0.11424353301303942,0.01799830823853463,0.009922412407903508,0.04603685958917732,0.05594299205823473,0.0481683050859088,0.04006772717945391,0.053619223603678955,0.022054054569561544,0.05224229744107161,,,,,0.040275766964517914,0.040303872391765055,0.043873999307185683,0.055134777275173005,0.04737360945348535,0.07773220743364717,0.06445513436897941,0.030330895164368973,0.04767312946227961,0.0660888426135554,,,,,,,,,,,,,
195,Herpotrichiellaceae,,,,,,,,,,,,0.2229041485576951,,,,,,,,,0.01627648780002011,0.009323832009705789,,,,,,,,,,0.02584451453012244,0.013434624130588352,,,0.007224407713151682,,0.008252634300259694,,,0.016786582810434273,,,,,,,,,,,,,
196,Heteromitidae,,,,,,,,,,,0.05716619504750295,,,,,,,,,,,0.009323832009705789,,,0.01839124196894151,,0.023363465675799888,,,,,,,,0.01041949351864594,,,,,,0.011869906538207608,,,,,,,,,,,,,
197,Heteropediaceae,,,,,,,,,,,,,,,,,0.028490144114909487,0.024929982747211407,,,,,,,,,,,,,,0.009768308314557043,0.009499713825431449,,,0.01615426674378096,,,,,,,,,,,,,,,,,,
198,Heterophryidae,,,,,,,,,,,,,,,,,,,,,,,,0.01335590905981797,,,,,,,,,,,,,,,,,,,,,,,0.07544931822417852,,,,,0.07094756547606032,0.03926856307863329,
199,Hiatellidae,0.054635836470815304,,,,,,,,,,,,,,,,,,,,,,,,,,,,,,,0.009768308314557043,0.009499713825431449,,,,,,,,,,,,,,,,,,0.038895492079220696,,,
200,Himanthaliaceae,,,,,,,,,,,,,,,,,,,,,,,,,,,,,,,,,,,,,,0.008252634300259694,,,,,,,,,,,,,,,,
201,Hippolytidae,,,,,,,,,,,,,,,0.014081015852391928,,,,,,,,,,,,,,,,,,0.009499713825431449,,,,,,,,,,,,,,,,,,,,,
202,Histiostomatidae,,,,,,,,,,,,,,,,,,,,,,,,,,,,,,0.024310831916315757,,,,,,,,,,,,,,,,,,,,,,,,
203,Holostichidae,,0.05773502691896258,,,,,,,,,,,,,,,,,,,0.009397234612803269,,,,,,,,,,,,,,,,,,,,0.008393291405217137,,,,,,,,,,,,,
204,Hubrechtidae,,,,,0.042409446483998546,,,,,0.39528470752104744,,,,,,,,,,,,,,,,,,,,,,,,,,,,,,,,,,,,,,,,,,,,
205,Hydnodontaceae,,,,,,,,,,,,,,,,,,,,,,,,,,,,,,,,,,,,,,,,,,,,,,,,0.03511474936103118,,,,,,
206,Hydractiniidae,,,,,,,,,,,,,,,,0.013991831155211932,,,,,,,,0.01335590905981797,,,,,,,,,,,,,,,,,0.008393291405217137,,,,,,,,,,,,,
207,Hydridae,,,,,,,,,,,,,,,,,,,,,,,,,,,,,,,,0.009768308314557043,,,,,,,,,,,,,,,,,,,,,,
208,Hydrodictyaceae,,,,,,,,,,,,,,,,,,,,,,,,,,,,,,,,,0.009499713825431449,,,,,,,,,,,,,,,,,,,,,
209,Hydruraceae,,,,,,,,,,,,,,,,,,,,,,,,,,,,,,,,,,,0.01473538904712765,,,,,,,,,,,,,,,,,,,
210,Hydryphantidae,,,,,,,,,,,,,,,,,,,,,,,,,,,,,,,,0.009768308314557043,,,,,,,,,0.023739813076415216,,,,,,,,,,,,,
211,Hyphochytriaceae,,,,0.05022019609518254,0.07345531603115876,,,,,0.11572751247156893,,,0.10514407440226743,0.12065517300421219,0.017245651949200677,0.019787437382135124,0.10660035817780522,0.11424353301303942,0.03244691161282128,0.026252235637134264,0.046986173064016354,0.04169744436898125,0.09011464726653574,0.06810204091778249,0.05815821362113485,0.10106437444570252,0.11681732837899944,0.03287979746107146,,0.048621663832631515,0.05161684222636018,0.019536616629114087,0.032907974006023535,0.031023602427884885,0.04035452487363185,0.01615426674378096,0.07773220743364717,0.016505268600519388,0.06782194340594867,0.08257228238447704,0.020559281205269585,0.009417214581382252,0.05682674365474925,,0.009417214581382252,,,,0.05044332723053183,,0.055006532413609206,0.04096159602595202,0.027767067240353285,
212,Hypocreaceae,,,,,,,,,,,,0.07921370535065059,,,,,,,,,,,,,,,,,,,,,,,,,,,,,,,,,,,,,,,,,,
213,Hypsibiidae,,,,,,,,,,,,,,,,,,,,,,,,,,,,,,0.024310831916315757,,,,,,,,,,,,,,,,,,,,,,,0.027767067240353285,
214,Ichthyophonidae,0.03863337046431279,,,,0.042409446483998546,,,,,0.0668153104781061,,,,,,,0.040291148201269014,,0.012726725805353542,,0.018794469225606538,0.01614935076204746,,0.01335590905981797,,,,0.04649905549752771,,,0.07299723832339083,,0.018999427650862898,,,0.007224407713151682,,0.011670987352732655,0.030330895164368973,,0.008393291405217137,0.009417214581382252,,,0.009417214581382252,,,,,,,,,
215,Isodiametridae,0.054635836470815304,,,0.0710220824228435,0.042409446483998546,0.11569062720769288,,,,,,,,,,,,,,,,,,,,,,0.03287979746107146,,,,0.016919206304810308,,,,,,,,,,,0.03280893574623933,,,0.05597170785495562,,,,,,0.07094756547606032,0.027767067240353285,
216,Juncaceae,,,,,0.059976014390406715,,,0.07730521080451097,,,,,,,,,,,,,,,,,,,,,,0.024310831916315757,0.042144975196108964,0.009768308314557043,0.009499713825431449,,,,,,,,,,,,,,,,,,,0.04096159602595202,,
217,Katablepharidaceae,,,,,,,,,0.06108472217815261,,,,,0.0473248524280301,0.04775104800426999,0.03701890562309636,0.04934637712198267,,0.03599661647706926,0.015688711546245397,0.08138243900010055,0.08494415222752409,0.06812027032901716,0.14569576696280917,0.1260840026114626,0.11027027284780773,0.08741808392649608,,,,,0.0543876389189269,0.051157524570562524,,0.08779621294875103,0.07260439895344081,0.03476289997254991,0.0359723989328295,0.030330895164368973,,0.030262442531421588,,,,,,,,,,,,,
218,Kirchenpaueriidae,,,,,,,,,,,,,,,,,,,,,,,,,,,,,,,,,,0.043873999307185683,,,,,,,,,,,,,,,,,,,,
219,Klebsormidiaceae,,,,,,,,,,,,,,,,,,,0.008999154119267315,,,,,,0.013004571910681174,,,,,,,,,,,,,,,,,,,,,,,,,,,,,
220,Kudoidae,,,,,,,,,,,,,,,,,,,,,,,,,,,,,,,,,0.013434624130588352,,,,,,,,,,,,,,,,,,,,,
221,Laminariaceae,,,,,,,,,,,,,,,,,,,,,,0.009323832009705789,,,,,,,,,,0.013814474099888441,0.009499713825431449,,,0.010216855368051905,,,,,,,,,,,,,,,,,,
222,Lecudinidae,,,,,,0.10710870802417528,,0.04463218426774518,,,,,,,,,,,,,,,,,,,,,,,,0.013814474099888441,0.016453987003011768,,,0.010216855368051905,,,,,0.016786582810434273,0.009417214581382252,,,0.009417214581382252,0.05006261743217589,,,,0.08935341032175405,0.055006532413609206,,,
223,Lepadidae,,,,,,,,,,,,,,,,,,,,,,,,,,,,,,,,0.019536616629114087,,,,,,,,,,,,,,,,,,,,,,
224,Lepetodrilidae,,,,,,,,,,,,,,,,,,,,,,,,,,,,,,,,,,,,,0.02458108230429969,,,,,,,,,,,,,,,,,
225,Lepidodasyidae,0.054635836470815304,,,0.0939533838423878,0.12722833945199563,,,,,,,,,,,,,,,,,,,,,,,,,,,,,,,,,,,,,,0.1573461282981561,0.22827435497979007,,,,,,,,,0.03926856307863329,
226,Lepidopleuridae,,,,0.03551104121142175,,,,,,,,,,,,,,,,,,,,,,,,,,,,,,,,,,,,,,,,,,,,,,,,,,
227,Leptosphaeriaceae,,,,,,,,,,,,,,,,,,,,,0.009397234612803269,,,,,,,0.03287979746107146,,,,,0.009499713825431449,,,,,0.008252634300259694,,,,,,,,,,,,,,,,
228,Lernaeopodidae,,,,,,,,,,,,,,,,,,,0.015586992159713741,,,,,,,,,,,,,,,,,,,0.008252634300259694,,,0.011869906538207608,,,,,,,,,,,,,
229,Leucosoleniidae,,,,,,,,,,,,,,,,,,,,,,,,,,,,,,,,,0.013434624130588352,0.031023602427884885,,,,,,,,,,,,,,,,,,,,
230,Lichtheimiaceae,,,,,,,,,,,,,,,,,,,,,,,,,0.013004571910681174,,,,,,,,,,,,,,,,,,,,,,,,,,,,,0.06350006350009525
231,Limacinidae,,,,,,,,,,,,,,,,,,,,0.035775766712996204,,,,,,,,,,,,,,,0.01041949351864594,,,,,,,,,,,,,,,,,,,
232,Limidae,,,,,,,,,,,,,,,0.03982712718088643,,,,,,,,,,,,,,,,,,,,,,,,,,,,,,,,,,,,,,,
233,Limnocytheridae,0.054635836470815304,,,0.1464157737903536,0.134110445196455,0.15765974932847446,,0.1840232100379442,,,,,,,,,,,,,,,,,,,,,,,,,,,,,,,,,,0.04417065168615432,0.20750192912846485,0.1286180282377182,0.04417065168615432,0.130066495428618,,0.11646244823791244,0.03566881875032109,,,,0.08330120172105986,
234,Limoniidae,,,,,,,0.04612656040144426,,,,,,,,,,,,,,,,,,,,,,,,,,,,,,,,,,,,,,,,,,,,,,,
235,Lineidae,,,,,,,,,,,,,,,,,,,,,0.02301842979458866,0.022838630871207796,0.0417149758616362,,,,,,,,,,,,,,,,,,,,,,,,,,,,,,,
236,Litheliidae,,,,,,,,0.06311944030978031,0.06108472217815261,,0.09901475429766743,,,,,,,0.0431799967499857,0.012726725805353542,,,,,,,,,,,,,,,,,,,,,,,,,,,,,,0.03566881875032109,,0.038895492079220696,,,
237,Lobulomycetaceae,,,,,,,,,,,,,,,,,,,,,,0.01614935076204746,,,,0.022054054569561544,,,,0.042107596053325945,,0.013814474099888441,,,,,,,,,,,,,,,,,,,,,,
238,Lomentariaceae,,,,,,,,,,,,,,,,,,,,,,,,,,,,,,,,0.009768308314557043,0.02124200588045929,,,,,,,,,,,,,,,,,,,,,
239,Longidoridae,,,,,,,,,,,,,,,,,,,,,,,,,,,,,,0.034380708208626445,,,,,,,,,,,,,,,,,,0.04965975478570227,,,,,,
240,Lophodiniaceae,,,,0.03551104121142175,,,,0.0998005980069749,,0.0944911182523068,,,,,0.009956781795221607,0.024234562451752206,,,0.008999154119267315,,,0.009323832009705789,,,,,,,,,0.042144975196108964,,0.009499713825431449,,,,,,,,,,,,,,,,,,,,,
241,Loxocephalidae,,,,,,,,,,,,,,,,,,,0.008999154119267315,0.00701620509935811,0.013289696638228264,,,,0.022524579279982863,,0.04046670959137694,,,,,0.009768308314557043,,,,0.010216855368051905,,,,,0.011869906538207608,,,,,,,,,,,,,
242,Lumbrineridae,,,,,,,,,,,,,,,,,,,,,,,,,,,,,,,,,,,,,,,,,0.016786582810434273,,,0.04067259173910421,,,,,,,0.038895492079220696,,,
243,Lymnaeidae,,,,,,,,,,,,,,,,,,,,,,,,,,,,,,,,,,,,,,,,,,,,,,,,,,,,,0.027767067240353285,
244,Lyonsiidae,,,,,,,,,,,,,,,,,,,,,,0.009323832009705789,,,,,,,,,,,,,,,,,,,,,,,,,,,,,,,,0.10040241611281235
245,Macrostomidae,,,,,,,,,,,,,,,,,,,,,,,,,,,,,,,,,0.023269451574769878,,,,,,,,,0.01331795258076845,,,0.01331795258076845,,,,,,,,,
246,Malasseziaceae,,,,,,,,,,,,0.13293576275338564,,,,,,,,,,,,,,,,0.04649905549752771,,,,,,,,,,,,,,,,,,,,,,,,,,
247,Maldanidae,,,,,,,,,,,,,,,,,,,,,,,,,,,,,,,,,,,,,,,,,,0.18881456524766038,,,0.18857957503184486,,,,,,,,,
248,Malleidae,,,,,,,,,,,,,,,0.02634316848869161,,,,0.008999154119267315,0.023270119766749076,,,,,,,,,,,,,,,,,,,,,,,,,,,,,,,,,,
249,Mallomonadaceae,,,,,0.042409446483998546,,,,0.06108472217815261,,,,0.06340426249482414,0.05796087030059365,,,0.028490144114909487,,0.012726725805353542,,0.024862745797205803,0.029484545671455458,0.0417149758616362,0.04815541494560773,0.03440686318251846,0.049314365197029475,0.046726931351599776,0.04649905549752771,,0.024310831916315757,0.02980099775410749,0.02184260141652595,0.02124200588045929,0.0537344556389138,0.03125848055593782,0.03230853348756192,0.06021110897089117,0.011670987352732655,0.042894363300367125,0.033709993123162106,0.011869906538207608,,0.046398841899359104,,,,,0.04965975478570227,,,,,,
250,Malvaceae,0.054635836470815304,,,0.05022019609518254,0.0948304052263602,,,,0.08638684255813601,0.0668153104781061,,,0.0708881205008336,,0.009956781795221607,,,,,,0.03116710127760915,0.03488658491215499,0.0481683050859088,0.04223509285110283,0.03901371573204352,0.031189143077590267,0.05224229744107161,,,0.042107596053325945,0.05161684222636018,0.04257906879250228,0.03679223343963235,,0.027567388637586503,0.02396064971707363,,0.008252634300259694,,0.04767312946227961,0.0222065617395004,,0.03280893574623933,0.04981354813867179,,,,,,,0.055006532413609206,,0.05553413448070657,
251,Mamiellaceae,,,,,,,,,,,,,0.13071123569027412,0.12065517300421219,,,0.2947043422663625,0.34723447944666175,0.008999154119267315,,0.06373514607287818,0.06114045521456489,0.13409488623762356,0.07555243092086505,0.05959443516119298,0.14461810705150144,0.14018079405479933,,,,,,,0.08774799861437137,0.03898617489048479,0.038227972357472405,0.4031597256056874,0.059510592254478405,0.2956289974610651,0.3071126533019794,0.04894087842323964,,,,,,,,,,0.055006532413609206,,,
252,Marchantiaceae,,,,,,,,,,,,,,,,,,,,,,,,,0.01839124196894151,,,,,,,,,,,,,,,,,,,,,,,,,,,,,
253,Massarinaceae,,,,,,,,,,,,,,,,,,,,,,,,,,,,0.023249527748763855,,,,,,,,,,,,,,,,,,,,,,,,,,
254,Melampsoraceae,,,,,,,,,,,,,,,,,,,,,,,,,,,,,,,,0.023927371020851115,0.030040732808154565,,,0.007224407713151682,,,,,,,,,,,,,,,,,,
255,Melitidae,,0.08164965809277261,,0.03551104121142175,,,,,,,,,,,,0.027983662310423863,,,0.01799830823853463,0.017186122424140717,0.009397234612803269,0.018647664019411578,,0.01335590905981797,0.013004571910681174,,,0.06151246852292455,,0.048621663832631515,,0.02184260141652595,0.028499141476294346,,,0.010216855368051905,,,,,0.051739723069319676,0.016311094120732537,,,0.016311094120732537,,,,0.03566881875032109,,,,0.03926856307863329,
256,Membraniporidae,,,,,,,,,,,,,,,,,,,,,,0.009323832009705789,,0.018888107730216264,0.026009143821362348,,0.046726931351599776,,,,,0.032397813515894665,0.039168323515394274,0.031023602427884885,,0.012513041213771196,,,,0.033709993123162106,,,,,,,,,,,,,,
257,Merulinidae,,,,,,,,,,,,,,,,,,,,,,,,,,,,,,,,0.009768308314557043,,,,,,,,,,0.009417214581382252,,,0.009417214581382252,,,,,,,,,
258,Mesodiniidae,,,,,,,,,,,,,,,,,,0.024929982747211407,0.020122720350678965,0.02104861529807433,0.05398300293746392,0.046619160048528945,0.06812027032901716,0.04006772717945391,0.03185456550449977,0.04410810913912309,0.023363465675799888,,,,,0.04684716094439041,0.05289216809432088,,0.01041949351864594,0.010216855368051905,,0.06953793263724065,0.16887527718890702,0.12154310870109943,0.08393291405217136,,,,,,,,,,,,,
259,Mesostigmataceae,,,,,,,,,,,,,,,,,,,,,,,,,,,,,,,,,,,,0.010216855368051905,,,,,,,,,,,,,,,,,,
260,Metschnikowiaceae,,,,,,,,,,,,,,,,,,,,,,0.009323832009705789,,,,,,0.023249527748763855,,,0.08940299326232247,,0.009499713825431449,,,,,,,,,,,,,,,,,,,,,
261,Microascaceae,,,,,,,,,,,,0.043827623087778725,,,,,,,,,,,,,,,,,,,,,,,,,,,,,,,,,,,,,,,,,,
262,Microbotryaceae,,,,,,,,,,,,,,,,,,,,,,,,,,,,,,,,0.013814474099888441,,,0.01041949351864594,,,0.008252634300259694,,,0.011869906538207608,,,,,,,0.060820529988352766,,,,,,0.0777713771047819
263,Microstomidae,,0.1,,0.06150692760785472,,,,0.06311944030978031,,,,,,,,,,,,,,,,,,,,,,0.034380708208626445,,,,,,,,,,,,,,0.028759865427152538,,,,,,,,,,
264,Microthamniaceae,,,,,,,,,,,,,,,,,,,,,,,,,,,,,,,,0.009768308314557043,,,,,,,,,,,,,,,,,,,,,,
265,Milnesiidae,,,,,,,,,,,,,,,,,,,,,,,,,,,,,0.1270001270001905,,,,,,,,,,,,,,,,,,,,,,,,,
266,Moniligastridae,,,,,,,,,,,,,,,,,,,,,,,,,,,,,,,,,,,,,,,,,,0.009417214581382252,,,0.009417214581382252,,,,,,,,,
267,Monocelididae,,0.05773502691896258,,,,,0.16631167868819408,,,,,,,,,,,,,,,,,,,,,,,,,,,,,,,,,,,,,,,,,0.03511474936103118,,,,,,
268,Monodopsidaceae,,,,,,,,,,,,,0.05490970202873461,,,,,0.024929982747211407,,,0.013289696638228264,,,0.018888107730216264,0.013004571910681174,,,,,,,0.009768308314557043,0.009499713825431449,,0.01041949351864594,0.007224407713151682,,,0.042894363300367125,,,,,,,,,,,,,,,
269,Monomastigaceae,,,,,,,,,,,,,,,,,,,,,0.009397234612803269,,,,,,,,,,,,,,,,,,,,,,,,,,,,,,,,,
270,Mortierellaceae,,,,,,,,,,,,,,,,,,,,,,,,0.018888107730216264,,,,,,,,,,,,,,,,,,,,,,,,,0.03566881875032109,,,,,0.04490132550669373
271,Mrakiaceae,,,,,,,,,,,,,,,,,,,,,,,,,,,,,,0.024310831916315757,,,,,,,,,,,0.016786582810434273,,,,,,,,,,,,,
272,Musaceae,,,,,,,,,,,,,,,,,,,,,,,,,,,,,,,,0.013814474099888441,,,,,,,,,,,,,,,,,,,,,,
273,Mycalidae,,,,,,,,,,,,,,,,,,,,,,,,,,,,,,,,0.009768308314557043,0.013434624130588352,,,0.007224407713151682,,,,,,,,,,,,,,,,,,
274,Mycenaceae,,,,,,,,,,,,0.1102970993347264,,,,,,,,,,,,,,,,,,,,,,,,,,,,,,,,,,,,,,,,,,
275,Mycosphaerellaceae,,,,,,,,,,,,,,,,,,,,,,,0.0240841525429544,,,,,,,,,,,,0.01041949351864594,0.02043371073610381,,,,,0.008393291405217137,,,,,,,,,,,,,
276,Myidae,,,,,,,,,,,,,,,,,,,,,,,,,,,,,,,,,,,,,,0.011670987352732655,,,0.008393291405217137,,0.1136534873094985,,,,,,,,,,,
277,Myrtaceae,,,,,,,,0.04463218426774518,,,,,,,,,,,,,,,,,,,,,,,,,,,,,,,,,,,,,,,,,,,,,,
278,Mytilidae,,,,,,,,,,,,,,,0.009956781795221607,0.013991831155211932,,,,,,,,0.01335590905981797,,0.031189143077590267,,,,,,0.013814474099888441,0.02513388030837367,,,0.007224407713151682,,,,,,,,,,,,,,,,,,
279,Myxidiidae,,,,,,,,,,,,,,,,,,,,,,,,,0.022524579279982863,,,0.023249527748763855,,,,,0.009499713825431449,,,,,,,,,,,,,,,0.03511474936103118,,,,,,
280,Naididae,0.03863337046431279,,,,,,,,,,,,,,,,,,,,,,,,,,,,,,,,,,,,,,,,,,,,,,,,,,,,,
281,Neanuridae,,,,,,,,,,,,,,,,,,,,,,,,,,,,,,0.024310831916315757,,,,,,,,,,,,,,,,,,,,,,,,
282,Nebaliidae,,,,,,,,,,,,,,,,,,,,,,,,,,,,,,,,0.009768308314557043,,,,,,,,,,,,,,,,,,,,,,
283,Nematoplanidae,0.03863337046431279,,,,,,,,,,,,,,,,,,,,,,,,,,,0.023249527748763855,,,,,,,,,,,,,,0.03523599050126418,0.03280893574623933,,0.03523599050126418,,0.09740465098831573,0.08601321838024803,,,,,,
284,Nemertodermatidae,,,,,,,,,,,,,,,,,,0.03525631971083364,,,,,,,,,,,,,,,,,,,,,,,,,,,,,,,,,,,,
285,Nemouridae,,,,,,,,,,,,,,,,,,,,,,,0.0240841525429544,,,,,,,,,,,,,,,,,,,,,,,,,,,,,,,
286,Neodasyidae,,,,,,,,,,,,,,,,,,,,,,,,,,,,,,,,0.009768308314557043,,,,,,,,,,,,,,,,,,,,,,
287,Neogosseidae,,,,,,,,,,,,,,,,,,,,,,,,,,,,,,,,,,,,,,,,,,,,0.028759865427152538,,,,,,,,,,
288,Neolectaceae,,,,,,,,,,,,,,,,,,,,,,0.009323832009705789,,,,,,,,,,,,,,,,,,,,,,,,,,,,,,,,
289,Nephroselmidaceae,,,,,,,,,,,,,,,,,,0.03525631971083364,,,0.009397234612803269,0.020848722184490624,,,0.013004571910681174,,,,,,,,,,,0.014448815426303364,0.03476289997254991,,,,,,,,,,,,,,,,,
290,Nephtyidae,,,,,,,,,,,,,,,,,,,,,0.018794469225606538,,,,,,,,,0.06432041541566332,,,,,,,,,,,,,,0.0643090141188591,,,,,,,,,,
291,Nerillidae,,,,,,,,,,,,,,,,,,,0.01799830823853463,0.015688711546245397,,,,,,,,,,,0.042144975196108964,,,,,,,,,,,,,,,0.03539961627023944,,,,,,,,
292,Noctilucaceae,,,,,,,,,,,,,,,0.009956781795221607,0.009893718691067562,,,,0.009922412407903508,0.10714495969409302,0.10213746228209175,0.0417149758616362,0.12094290040659052,0.14481278407630194,0.04410810913912309,0.04046670959137694,0.04026936331284146,,,,0.0436852028330519,0.02513388030837367,,,,,0.056577210306002816,,,0.011869906538207608,,,,,,,,,,,,0.027767067240353285,0.0777713771047819
293,Noelaerhabdaceae,,,,,,,,,,,,,0.0708881205008336,0.07482716180196243,0.10584204230878755,0.08218339977222039,0.06978631577988531,0.0863599934999714,0.14057128108688316,0.1253134300257021,0.05147077375600676,0.06723510878961335,0.03406013516450858,0.06264476634093873,0.05959443516119298,0.022054054569561544,0.05722856952873867,0.023249527748763855,,,,0.04785474204170223,0.05699828295258869,0.031023602427884885,0.11366325517522129,0.11536453976630169,0.054964970992931274,0.031962315207245885,0.042894363300367125,,0.046731868772815495,,,,,,,,0.03566881875032109,,,,,
294,Notheiaceae,,,,,,,,,,,,,,,,,0.028490144114909487,,,,,,,,,,,,,,,,0.009499713825431449,,,,,,,,,,,,,,,,,,,,,
295,Notoscyphaceae,,,,,,,,,,,,,,,,,,,,,,,,,,,,,,,,,,,,0.010216855368051905,,,,,,,,,,,,,,,,,,
296,Nowakowskiellaceae,,,,,,,,,,,,,,,,,,,,,,,,,,,,,,,,,0.016453987003011768,,,,,,,,,,,,,,,,,,,,,
297,Nuculidae,,,,0.1879067676847756,,,,,,,,,,,,,,,,,,,,,,,,,,,,,,,,,,,,,,,,,,,,,,,,,,
298,Oenonidae,,,,,,,,,,,,,,,,,,,0.008999154119267315,,,,,,,,,,,,,,,,,,,,,,,,,,,,,,,,,,,
299,Oerstediidae,,,,,,,,,,,,,,,,,,,,,,,,,0.013004571910681174,,,,,,,,,,,,,,,,,,,0.028759865427152538,,,,,,,,,,
300,Oikopleuridae,,,,,,,,0.04463218426774518,,,,,0.152038080392536,0.1419745572840903,0.11781023096688968,0.16935318471947328,0.2717786532523045,0.26965899327451004,0.13195350164129813,0.09148012231826096,0.06644848319114133,0.047542401358950846,0.11296468864946485,0.14752083727841156,0.11918887032238595,0.16206354136476445,0.16186683836550775,0.04026936331284146,,,,0.12200613174429434,0.11439170250039354,0.31332302592620515,0.01473538904712765,0.019113986178736202,0.07374324691289906,0.05597208905441933,0.06782194340594867,0.04767312946227961,0.032507077832271816,,,,,,,,,,,,,
301,Olindiidae,,,,,,,,,,,,,,,,,,,,,,,,,,,,,,,,,,,,,,,,,0.011869906538207608,,,,,,,,,,,,,
302,Olpidiaceae,,,,,,,,,,,,,,,,,,,,,0.013289696638228264,,,,,,,,,,,,,,,,,0.008252634300259694,,,,,,,,,,,0.05044332723053183,,,,,
303,Oltmannsiellopsidaceae,,,,,,,,,,,,,,,,,,,,,,,,,,,,,,,,,,,0.01041949351864594,0.010216855368051905,,,,,,,,,,,,,,,0.038895492079220696,,,
304,Onuphidae,,,,0.0939533838423878,,,,,,,,,,,,,,,,,,,,,,,,,,,,,,,,,,,,,,,,,,,,,,,,,,
305,Oocystaceae,,,,,,,,,,,,,,,,,,,,,,,,,,,,,,,,,,,,0.010216855368051905,,,,,,,,,,,,,,,,,,
306,Opheliidae,,,,,,,,,,,,,,,0.04452808186249581,0.0648774520934132,,,,,,,,,,,,,,,,0.009768308314557043,,,,,,,,,,0.04417065168615432,0.03280893574623933,,0.04417065168615432,0.025031308716087945,,,,0.07738232325341368,,0.057928444636349226,,
307,Ophryoscolecidae,,,,,,,,,,,,,,,,,,,,,,,,,,,,,,,,,,,,,,,,,,,,,,,,,,,,,0.027767067240353285,
308,Orphellaceae,0.03863337046431279,,,,,,,,,,,,,,,,,,,,,,,,,,,,,,,,,,,,,,,,,,,,,,,,,,,,,
309,Oweniidae,,,,,,,,,,,,,,,,,,,,,,,,0.01335590905981797,,,,,,,,,,,,,,,,,,,,,,,,,,,0.055006532413609206,,,
310,Oxytrichidae,0.03863337046431279,,,0.03551104121142175,0.042409446483998546,0.04372694694466261,,,,,,,,,,0.013991831155211932,,,0.012726725805353542,,0.01627648780002011,0.018647664019411578,,0.018888107730216264,0.01839124196894151,0.022054054569561544,,0.023249527748763855,,,,0.0662518903662321,0.051157524570562524,0.043873999307185683,0.027567388637586503,0.02284558311924769,0.02458108230429969,0.014293981904335416,,,0.03140482078567693,0.009417214581382252,0.046398841899359104,,0.009417214581382252,,0.04356068418690321,,,,,,,0.06350006350009525
311,Pallaseidae,,,,,,,,,,,,,,,,,,,,,,,,,,,,,0.1270001270001905,,,0.03783249542289887,0.032907974006023535,0.043873999307185683,0.01041949351864594,0.007224407713151682,,,,,,,,,,,,,,,,,,
312,Palmariaceae,,,,,,,,,,,,,,,,,,,,,,,,,,,,,,,,0.023927371020851115,,,,,,,,,,,,,,,,,,,,,,
313,Palmophyllaceae,,,,,,,,,,,,,,,,,,,,,,0.009323832009705789,,,,,,,,,,,,,0.01041949351864594,,,,0.042894363300367125,,,,,,,,,,,,,,,
314,Pandaridae,,,,,,,,,,,,,,,,,,,0.008999154119267315,,,0.013185889681414318,,,,,,,,,,,,,,,,0.011670987352732655,,,,,,,,,,,,,,,,
315,Paralacydoniidae,,,,,,,,,,,,,,,,,,,,,,,,,,,,,,,,,,,,,,,,,,,,,,0.025031308716087945,,,,,,,,
316,Parameciidae,,,,,,,,,,,,,,,,,,,,,,0.009323832009705789,,,,0.022054054569561544,,0.023249527748763855,,,,0.019536616629114087,,,0.023298695798810796,0.007224407713151682,,0.008252634300259694,,0.033709993123162106,0.008393291405217137,,,,,0.05597170785495562,0.04356068418690321,,,,,,,
317,Paraonidae,,,,,,0.04372694694466261,,,,,,,,,,,,,,,,,,,,,,,,,,,,,,,,,,,,,0.12706846175197414,0.16269036695641684,,,,,0.05044332723053183,0.14817586788796377,0.12900175326301547,0.22806451459793553,,
318,Parazoanthidae,,,,,,,,,,,,,,,,,,,,,,,,,,,,,,,,,,,0.01041949351864594,,,,,,0.020559281205269585,,,,,,,,,,,,,
319,Parvicapsulidae,,,,,,,,,,,,,,,,,,,,,,,,,,,,,,,,,,,,0.007224407713151682,,,,,,,,,,,,,,,,,,
320,Paulinellidae,,,,,,,,,,,,,0.03170213124741207,,0.019913563590443214,,,,0.012726725805353542,0.00701620509935811,0.01627648780002011,0.03488658491215499,0.0240841525429544,0.01335590905981797,0.026009143821362348,,0.03304093002275449,0.03287979746107146,,0.048621663832631515,0.05161684222636018,0.016919206304810308,0.018999427650862898,,0.01041949351864594,,,0.03957824372755724,,,0.0222065617395004,,,,,,,,0.05044332723053183,0.044676705160877024,,,,
321,Pavlovaceae,,,,,,,,,,,,,,0.033463724070512735,0.024389034878525603,0.009893718691067562,,,,,,,,,,,,,,,,,0.023269451574769878,,,,,,,,,,,,,,,,,,,,,
322,Pectinariidae,,,,,,,,,,,,,,,,,,,,,,0.0785640049737169,,0.01335590905981797,0.01839124196894151,,,,,,,,,,0.01473538904712765,,,,,,,,,,,,,,,,,,,
323,Pectinidae,,,,,,,,,,,,,,,,,,,0.015586992159713741,,,,,,,,,,,,,,,,,,,,,,,,,,,,,,,,,,,
324,Pedinomonadaceae,,,,,,,,,,,,,,,,,,,,0.00701620509935811,,,,,,,,,,,,,,,,,,,,,,,,,,,,,,,,,,
325,Peniophoraceae,,,,,,,,,,,,,,,,,,,,,,,,,,,,,,,,,,,,0.010216855368051905,,,,,,,,,,,,,,,,,,
326,Perkinsidae,,,,,0.042409446483998546,0.04372694694466261,,0.04463218426774518,,,0.09901475429766743,,,,,0.009893718691067562,,,,,,0.009323832009705789,,,0.01839124196894151,,,0.03287979746107146,,0.024310831916315757,,,,,,,,,,,,,,,,,,,0.07133763750064218,0.06318240236065634,,,0.03926856307863329,0.04490132550669373
327,Peronosporaceae,,,,,0.042409446483998546,,,0.07730521080451097,,0.0668153104781061,,,,0.033463724070512735,,,,,,0.00701620509935811,0.021012855394742028,0.03229870152409492,0.03406013516450858,0.04006772717945391,0.04112406723320029,0.054021180454921484,0.05224229744107161,0.04649905549752771,,0.024310831916315757,0.06663705677550291,0.03783249542289887,0.03554467440716411,,0.018047092163429385,0.02396064971707363,,0.011670987352732655,,0.033709993123162106,0.01876797013703025,,,0.028759865427152538,,,,,0.06178020632152155,,,,,
328,Petrosiidae,,,,,,,,,,,,,,,,,,,,,,,,,,,,,,,,,,,0.01041949351864594,,,,,,,,,,,,,,,,,,,
329,Peyssonneliaceae,,,,,,,,,,,,,,,,,,,,,,,,,,,,,,,,,,,,0.012513041213771196,,,,,,,,,,,,,,,,,,
330,Pfiesteriaceae,0.054635836470815304,,,0.10653312363426524,0.11220484863656274,,,0.12623888061956062,0.08638684255813601,0.0944911182523068,0.09901475429766743,,,,0.04452808186249581,0.04079284719341926,,,0.028457824031771276,0.031377423092490794,0.06162178827190035,0.051068731141045876,0.03406013516450858,0.0231331130728742,0.03185456550449977,0.031189143077590267,,0.13151918984428584,,0.16843038421330378,0.16857990078443585,0.02930492494367113,0.04248401176091858,,0.04167797407458376,0.043346446278910086,0.03476289997254991,0.020214743069426746,,,0.01876797013703025,,0.05682674365474925,0.07044699536763468,,0.025031308716087945,,,0.07975790340283705,0.06318240236065634,0.08697296430744211,0.057928444636349226,,
331,Phaeocystaceae,,,,,,,,,,,,,0.11861851355835636,0.12065517300421219,0.061377725122970656,0.04846912490350441,0.15075567228888181,0.11693198396964659,0.03367175148507369,0.018563133840324784,0.13487569011434924,0.1351151623708272,0.18963880676212455,0.17103909002773882,0.14126581004775776,0.18971615086447616,0.1668485179664424,,,,0.02980099775410749,0.033838412609620616,0.03554467440716411,0.06937088393567811,0.05985543326305856,0.06461706697512384,0.1772567053091061,0.09729712345306704,0.25376647553023207,0.29771859806932394,0.07918215275267133,,,,,,,,,,,,,
332,Phaeodactylaceae,0.03863337046431279,,,0.13287014966075003,0.15868161870584732,0.3029491750720973,0.33580642853704945,,,,,,,,0.02987034538566482,0.009893718691067562,,,0.026997462357801944,0.012152423708412088,0.053158786552913055,0.07039338797555644,0.0240841525429544,0.03777621546043253,0.03901371573204352,,0.023363465675799888,0.03287979746107146,,0.06432041541566332,0.02980099775410749,0.07309932592289535,0.06649799677802014,0.031023602427884885,0.03125848055593782,0.03539222518209744,,0.03501296205819796,,0.033709993123162106,0.053083835812002836,0.05571299279802646,0.098426807238718,0.08134518347820842,0.05571299279802646,0.19709672192729694,0.42008402520840293,0.2809179948882494,0.03566881875032109,,,,0.07853712615726657,0.1270001270001905
333,Phanerochaetaceae,,,,,,,,,,,,,,,,,,,,,,,,,,,,,,,,0.013814474099888441,,,,,,,,,,,,,,,,,,,,,,
334,Pharidae,,,,,,,,,,,,,,,,,,,,,,,,,,,,,,,,0.009768308314557043,,,,,,0.05219424217050106,,,0.09270693369307825,,,,,,,,,,,,,
335,Phascolionidae,,,,,,,,,,,,,,,,,,,,,,,,,,,,,,,,,,,,,,,,,0.008393291405217137,,,,,,,,,,,,,
336,Phialellidae,,,,,,,,,,,,,,,,,,,,,,,,,,,,,,,,0.023927371020851115,0.013434624130588352,,,,,,,,,,,,,,,,,,,,,
337,Phyllariaceae,,,,,,,,,,,,,,,,,,,,,,,,,,,,,,,,0.009768308314557043,0.016453987003011768,,0.018047092163429385,0.019113986178736202,,,,,,,,,,,,,,,,,,
338,Physalacriaceae,,,,,,,,,,,,0.05185754297818354,,,,,,,,,,,,,,,,,,,,0.009768308314557043,,,,0.007224407713151682,,,,,,,,,,,,,,,,,,
339,Phytodiniaceae,,,,,,,,,,,,,,,,0.019787437382135124,,,0.015586992159713741,0.00701620509935811,,,,,,,,,,,,,,,,,,,,,0.008393291405217137,,,,,,,,,,,,,
340,Pichiaceae,,,,,,,,,,,,,,,,,,,,,,,,,,,,,,,,0.016919206304810308,,,,,,,,,,,,,,,,,,,,,,
341,Picocystaceae,,,,,,,,,,,,,,,,,,,,,,,,0.01335590905981797,,,,,,,,,,,,,,,,,,,,,,,,,,,,,,
342,Picomonadidae,,,,,,,,,,,,,0.12680852498964829,0.11098661682987523,0.014081015852391928,0.019787437382135124,0.08547043234472847,0.10278895211157858,0.012726725805353542,0.017186122424140717,0.10033500931359766,0.0899157796557697,0.20996077415111272,0.1557553264794542,0.14305029101749292,0.2807022876983124,0.24725567977104043,,,,,0.019536616629114087,0.009499713825431449,0.08774799861437137,,0.014448815426303364,0.054964970992931274,0.02609712108525053,0.10506930292746447,0.11677484162422844,0.026541917906001418,,,0.028759865427152538,,,,,,,,,,
343,Pinaceae,,,,,,,,,,,,,,,,,,,,,,,,,0.01839124196894151,,,,,,,,,,,,,,,,,,,,,,,,,,,,,
344,Pinguiochrysidaceae,,,,,,,,,,,,,0.05490970202873461,,,,,,0.008999154119267315,0.012152423708412088,0.009397234612803269,,,,,,0.023363465675799888,,,,,,,,0.02083898703729188,0.02043371073610381,0.03476289997254991,,,0.04767312946227961,,,,,,,,,,,,,,
345,Pinnidae,,,,,,,,,,,,,,,,0.009893718691067562,,,,,,,,,,,,,,,,,,,,,,,,,,,,,,,,,,,,,,
346,Pionidae,,,,,,,,,,,,,,,,,,,,,,,,,,,,,,,,,,,,,,,,,,,,,,,,,,,,0.04096159602595202,,
347,Pithophoraceae,,,,,,,0.04612656040144426,,,,,,,,,,,,,,,,,,,,,,,,,0.009768308314557043,,,,,,,,,,,,,,,0.04356068418690321,,,,,,,
348,Plantaginaceae,,,,,,,,,,,,,,,,,,,,,,,,0.01335590905981797,,,,,,,,,,,,,,,,,,,,,,,,,,,,,,
349,Plasmodiidae,,,,,,,,,,,,,,,,,,,,,,,,,,,,0.04649905549752771,,0.024310831916315757,,,,,,,,,,,,,,,,,,,,,,,,
350,Plasmodiophoridae,,,,0.03551104121142175,0.059976014390406715,,,0.07730521080451097,,,,,,,,0.019787437382135124,0.028490144114909487,,0.008999154119267315,,0.02971666508342883,0.026371779362828637,0.0240841525429544,0.01335590905981797,,,0.03304093002275449,0.051987524491003634,,0.07687760066907376,0.05960199550821498,0.013814474099888441,0.023269451574769878,0.031023602427884885,0.01041949351864594,0.014448815426303364,,,,,,,0.03280893574623933,,,,,,,,,0.04096159602595202,0.04809397123747323,0.08980265101338746
351,Plectonemertidae,,,,,0.042409446483998546,0.08745389388932522,0.10314212462587934,0.08926436853549036,0.08638684255813601,,,,,,0.009956781795221607,,,,,0.00701620509935811,,,,,,,,0.04026936331284146,,,0.07299723832339083,0.013814474099888441,0.018999427650862898,,,,,0.016505268600519388,,,0.008393291405217137,,,0.028759865427152538,,0.043355498476206,,0.03511474936103118,0.1235604126430431,0.10943513103291656,,0.057928444636349226,,
352,Plectosphaerellaceae,,,,,,,,,0.08638684255813601,,,,,,,,,,,,,,,,,,,,,,,,,,,,,,,,,,,,,,,,,,,,,
353,Pleurobrachiidae,,,,,,,,,,,,,,,,,,,,,0.06710967841356014,0.061847304768998856,0.07987809737866361,,,,,,,,,,,,,,,,,,0.020559281205269585,,,,,,,,,,,,,
354,Plicatulidae,,,,,,,,,,,,,,,,,,,,,,,,,,,,,,,,0.013814474099888441,0.009499713825431449,,,,,,,,,,,,,,,,,,,,,
355,Plocamiaceae,,,,,,,,,,,,,,,,,,,,,,,,,,,,,,,,,0.009499713825431449,,0.01473538904712765,0.007224407713151682,,,,,,,,,,,,,,,,,,
356,Plumulariidae,,,,,,,,,,,,,,,,,,,,,,,,,,,,,,,,0.07044027300535328,0.08171962827018311,0.07599199593128732,,0.014448815426303364,,,,,,,,,,,,,,,,,,
357,Poaceae,,,,,,,,,,,,,,,0.009956781795221607,,,,,,,,,,,,,0.03287979746107146,0.1796053020267749,,,,,,,,,,,,,,,,,,,,,,,,,
358,Poecilochaetidae,,,,0.0710220824228435,0.059976014390406715,,,,,,,,,,,,,,,,,,,,,,,,,,,0.023927371020851115,,,,,,,,,,,,0.028759865427152538,,,,,,,,,,
359,Polycanthiidae,,,,,,0.04372694694466261,,,,,,,,,,,,,,,,,,,,,,,,,,,0.009499713825431449,,,,,,,,,0.01331795258076845,,0.04981354813867179,0.01331795258076845,0.03539961627023944,0.1067014491044368,,,,,,,
360,Polycystididae,0.14962640041614494,,,,0.042409446483998546,,,,,,,,,,,,,,,,,,,,,,,,,,,,,,,,,,,,,,0.03280893574623933,0.08134518347820842,,,,0.40036974279963405,,,,,,
361,Pomacanthidae,,,,,,,,,,,,,,,,,,,,,,,,,,,,,,,,,,0.031023602427884885,,,,,,,,,,,,,,,,,,,,
362,Posidoniaceae,,,,,,,,,,,,,,,,,,,,,,,,,,,,,,,,,,,,,,,,,,,,,,0.025031308716087945,,,,,,,,
363,Prasinococcaceae,,0.05773502691896258,,0.06150692760785472,,,,,,,0.05716619504750295,,,,,,,,,0.00701620509935811,0.009397234612803269,0.01614935076204746,,0.0231331130728742,,,,0.051987524491003634,,0.048621663832631515,0.042144975196108964,0.016919206304810308,0.018999427650862898,0.031023602427884885,0.01041949351864594,,,,,,,,,,,,,,,,,,,
364,Prasiolaceae,,,,,,,,,,,,,,,,,,,,,,,,,,,,,,,,0.02930492494367113,,,,0.019113986178736202,,,,,,,,,,,,,,,,,,
365,Priapulidae,,,,,,,,,,,,,,,,,,,,,,,,,,,,,,,,,,,,,,,,,,,,,,,,,,,,,,0.04490132550669373
366,Promesostomidae,0.054635836470815304,,,,,,,,,,,,,,,,,,,,,,,,,,,,,,,,,,,,,,,,,,,,,,,,,,0.055006532413609206,,,
367,Prorocentraceae,0.054635836470815304,,,0.0710220824228435,,0.04372694694466261,0.07293249574894728,0.08926436853549036,0.12216944435630522,0.0944911182523068,0.1278274981412284,,0.06340426249482414,0.0473248524280301,0.1309610176470638,0.13851206167494587,0.040291148201269014,0.05574513610066167,0.12758502947966702,0.09620135753354338,0.14001564226082405,0.13382216456594231,0.0932775217063814,0.10516453310159238,0.10723844720735791,0.08251871618851556,0.09633003676181563,0.06575959492214292,,0.08421519210665189,0.12287266148897986,0.06552780424957785,0.07108934881432823,,0.2934156015480228,0.2990067063435423,0.09197398817878115,0.10885972296274304,0.11747105184716411,0.08257228238447704,0.10036916711641845,,0.03280893574623933,0.028759865427152538,,,,,0.14706630724858555,0.11820345125343656,0.038895492079220696,0.12953194003770996,0.05553413448070657,
368,Protaspidae,0.054635836470815304,,0.18569533817705186,0.11777679961313363,0.042409446483998546,,,,,0.0944911182523068,,,,,0.024389034878525603,0.009893718691067562,,,0.008999154119267315,0.00701620509935811,0.09583336532898681,0.10256215210676368,0.08683664691971853,0.09058418246829783,0.10644700873610874,0.09093119646343807,0.07748784944897538,0.06151246852292455,,0.06876141641725289,0.09423902944854216,0.06330587324874573,0.06301397274941574,,0.06752603570308567,0.07979619132711255,,0.04366883603929739,,0.05838742081211422,0.033573165620868546,,0.07336301059801394,,,,,,,,,0.04096159602595202,0.03926856307863329,0.0777713771047819
369,Protodrilidae,,,,,,,,,,,,,,,,,,,,,0.01627648780002011,0.022838630871207796,0.0240841525429544,,0.029079106810567426,0.022054054569561544,,,,,,,,,,,,,,,,,,,,,,,,,,,,
370,Protomonotresidae,,,,,,,,,,,,,,,,,,,,,,,,,,,,,,,,,,,,,,,,,,,,0.028759865427152538,,,,,,,,,,
371,Protomycetaceae,,,,,,,,,,,,,,,,,,,,,,,,0.01335590905981797,0.013004571910681174,,,,,,,,,,,,,,,,0.03658550903903,,,,,,,,,,,,,
372,Provorticidae,,,,,,,,,,,,,,,,,,,,,,,,,,,,,,,,,,,,,,,,,,,,,,,,,,,,,,0.06350006350009525
373,Prymnesiaceae,,,,,,,,,,,,,0.15530809062980389,0.08853669183266276,0.05268633697738322,0.046405654071842925,0.06978631577988531,0.05574513610066167,0.028457824031771276,0.022187188644859614,0.033882211244027176,0.04064164149685728,0.07987809737866361,0.0462662261457484,0.03185456550449977,0.031189143077590267,0.04046670959137694,,,,,0.036549662961447675,0.04248401176091858,0.031023602427884885,0.0589415561885106,0.058691365712392515,0.10992994198586255,0.03957824372755724,0.08578872660073425,0.04767312946227961,0.0384628931942298,,,,,,,,,,,,,
374,Pseudostomidae,0.03863337046431279,,,,,,,,,,,,,,,,,,,,,,,,,,,,,,,,,,,,0.02458108230429969,,,,,,,,,,,,,,,,,
375,Pterastericolidae,0.03863337046431279,,,,,,,,,,,,,,,,,,,,,,,,,,,,,,,,,,,,,,,,,,0.05682674365474925,,,0.025031308716087945,,,,,,,,
376,Pteridaceae,,,,,,,,,,,,,,,,,,,,,,,,,,,,,,,,,,,,,,,,,0.008393291405217137,,,,,,,,,,,,,
377,Pteriidae,,,,,,,,,,,,,,,0.022264040931247904,,,,,,,,,,,,,,,,,,,,,,,,,,,,,,,,,,,,,,,
378,Pterocystidae,,,,,,,,,,0.0944911182523068,,,,,0.0314861086382005,,,,,0.012152423708412088,0.009397234612803269,0.02466854076382509,,0.01335590905981797,,,0.023363465675799888,,,,,0.009768308314557043,0.009499713825431449,,,,,,,,0.011869906538207608,,,0.04981354813867179,,,,,,,,,0.027767067240353285,
379,Pterospermataceae,,,,,,,,,,,,,,,,,,,,,0.01627648780002011,0.013185889681414318,,,,,,,,,,0.016919206304810308,,,,0.007224407713151682,,,,,,,,,,,,,,,,,,
380,Ptychoderidae,,,,,,,,,,,,,,,,,,,,,,,,,,,,,,,0.05161684222636018,,,,,,,,,,,,,,,,,,,,,,,
381,Pucciniaceae,,,,,,,,,,,,,,,,,,,,,,,,,,,,,,,,,,,,,,,,,0.008393291405217137,,,,,,,,,,,,,
382,Pycnococcaceae,,,,,0.08481889296799709,,,0.06311944030978031,,,0.05716619504750295,,,,,,,,,,0.013289696638228264,0.020848722184490624,0.03406013516450858,,,0.022054054569561544,,0.051987524491003634,,0.024310831916315757,,0.02930492494367113,0.030040732808154565,0.043873999307185683,0.05414127649028815,0.06581748661932615,0.12290541152149845,0.02609712108525053,0.052534651463732235,0.07537783614444091,0.026541917906001418,,0.05682674365474925,0.028759865427152538,,,,0.04965975478570227,0.03566881875032109,,0.038895492079220696,,,
383,Pycnophyidae,,,,,,,,0.1996011960139498,,,,,,,,,,,,,,,,,,,,,,,,,,,,,,,,,,,,,,,,,,,,,,
384,Pyramimonadaceae,0.03863337046431279,,,,,,,,,,,,,,0.02987034538566482,0.01713642344872287,,,,,0.054794822971831074,0.063920971810706,0.0417149758616362,0.018888107730216264,0.013004571910681174,0.031189143077590267,,0.06151246852292455,0.1270001270001905,0.05954913341754137,,0.027628948199776883,0.028499141476294346,0.043873999307185683,0.04296067234281583,0.05209594488925186,,0.07146990952167709,0.0742952165945537,0.13055824196677338,0.04894087842323964,,,,,,,,,,,,0.04809397123747323,
385,Pyrenomonadaceae,,,,,,,,,,,,,,,,0.01713642344872287,0.06370589892970319,0.049859965494422814,0.023809523809523808,0.01403241019871622,0.04603685958917732,0.051068731141045876,0.08683664691971853,0.058217057890865856,0.052018287642724696,0.08251871618851556,0.06181391994276011,,,,,0.013814474099888441,0.016453987003011768,,0.023298695798810796,0.02396064971707363,0.03476289997254991,0.02334197470546531,0.052534651463732235,0.05838742081211422,0.02517987421565141,,,,,,,,,,,,,
386,Pythiaceae,,,,,,,,,0.12216944435630522,,,,,,,,,,0.015586992159713741,,,0.009323832009705789,,,,0.031189143077590267,,,,0.024310831916315757,0.05161684222636018,0.009768308314557043,0.013434624130588352,,,0.010216855368051905,,,,,,,,,,,,,0.03566881875032109,,,,,
387,Rhabditidae,,,,,,,,,,,,,,,,,,,,,0.009397234612803269,,,,,,,0.03287979746107146,,,,0.016919206304810308,,,,,,,,,,,,,,0.043355498476206,,,,0.044676705160877024,,,0.03926856307863329,
388,Rhamnaceae,,,,,,,,,,,,,,,,,,,,,,,,,,,,0.023249527748763855,,,,,,,,,,,,,,,,,,,,,,,,,,
389,Rhizophydiaceae,,,,,,,,,,,,,,,,,,,,,,,,,,,,,,,,,,,,,,,,,,,0.03280893574623933,,,,,,,,,,,
390,Rhizosoleniaceae,,,,,,,,,,,,,,,,,,,0.015586992159713741,,0.09765892680012066,0.10298509061080707,0.03406013516450858,0.04815541494560773,0.022524579279982863,,0.023363465675799888,,,0.024310831916315757,0.042144975196108964,,0.013434624130588352,,0.01041949351864594,0.012513041213771196,,0.018453451288827083,,,0.027837398347220068,,,,,,,,,,,,,0.06350006350009525
391,Rhodochaetaceae,,,,,,,,,,,,,,,,,,,,,,,,,,,,,,,,0.019536616629114087,0.02513388030837367,,,,,,,,,,,,,,,,,,,,,
392,Rhodomelaceae,,,,,,,,,,,,,,,0.022264040931247904,,,,,,,,,,,,,,,,,0.12547619220059358,0.11517790902108238,,0.02083898703729188,0.014448815426303364,,,,,,,,,,,,,,,,,,
393,Rhopalonematidae,,,,,,,,,,,,,0.05490970202873461,,,,,,0.03367175148507369,0.027173645503389514,,,,,,,,,,,,,,,,,,,,,,,,,,,,,,,,,,
394,Rosaceae,,,,,,,,,,,,,,,,,,,,,,,,,,,,,,,0.042144975196108964,,,,,,,,,,,,,,,,,,,,,,,
395,Rutaceae,,,,,,,,,,,,0.1334165446581722,,,,,,,,,,,,,,,,,,,,,,,,,,,,,,,,,,,,,,,,,,
396,Sabellariidae,,,,,,,,,,,,,,,,,,,,,,0.013185889681414318,,0.01335590905981797,,,0.03304093002275449,,,,,0.040275766964517914,0.028499141476294346,0.043873999307185683,,0.007224407713151682,,0.008252634300259694,,,,,,,,,,,,,,,,
397,Sabellidae,,,,,,,,,,,,,,,,,,,,,,,,,,,,,,,,,0.009499713825431449,,,,,,,,,,,,,,,,,,,,,
398,Sagartiidae,,,,,,,,,,,,,,,,,,,,,0.013289696638228264,,,,,,,,,,,,,,,,,,,,,,,,,,,,,,,,,
399,Sagittidae,,,,,,,,,,,,,0.06340426249482414,,0.019913563590443214,0.03701890562309636,,,0.03367175148507369,0.02976723722371052,0.018794469225606538,,,0.0462662261457484,0.01839124196894151,0.022054054569561544,0.05224229744107161,,,,,,,,,,,,,,,,,,,,,,,,,,,
400,Salicaceae,,,,,,,,0.04463218426774518,,,,,,,,,,,,,,,,,,,,,,,,,,,,,,,,,,,,,,,,,,,,,0.027767067240353285,
401,Salpidae,,,,,,,,,,,0.09901475429766743,,0.06340426249482414,0.0473248524280301,0.042243047557175784,0.013991831155211932,,,,,,,,,0.013004571910681174,,,,,,,,,,,,,,,,,,,,,,,,,,,,,
402,Salpingoecidae,,,,,,,,,,,,,,0.033463724070512735,,0.009893718691067562,,,0.012726725805353542,0.012152423708412088,0.021012855394742028,0.01614935076204746,,0.04006772717945391,0.03678248393788302,0.07639748605475433,0.023363465675799888,,,,,0.02930492494367113,0.013434624130588352,0.031023602427884885,,0.010216855368051905,,0.014293981904335416,0.030330895164368973,0.033709993123162106,0.008393291405217137,,,,,,,,,,,,,
403,Saprolegniaceae,,0.05773502691896258,,,0.07345531603115876,,,,,,0.05716619504750295,,,,,0.01713642344872287,,,,0.012152423708412088,0.02301842979458866,0.01614935076204746,0.0417149758616362,0.0231331130728742,0.029079106810567426,,,,,0.07293249574894728,0.05161684222636018,0.027628948199776883,0.032907974006023535,0.031023602427884885,0.01473538904712765,0.010216855368051905,,,,,0.008393291405217137,,,0.04067259173910421,,,,,0.07975790340283705,0.07738232325341368,,,0.027767067240353285,0.04490132550669373
404,Sarcinochrysidaceae,,,,,,,,,,,,,,,,,,,,0.00701620509935811,0.009397234612803269,,,,,,,,,,,,,,0.01473538904712765,0.014448815426303364,0.02458108230429969,,,,,,,,,,,,,,,,,
405,Sarcocystidae,,,,,,,,,,,,,,,,0.013991831155211932,0.028490144114909487,,0.008999154119267315,,0.013289696638228264,0.013185889681414318,0.0240841525429544,,,,,0.023249527748763855,,,0.02980099775410749,0.02184260141652595,,,,,,0.016505268600519388,0.030330895164368973,,0.014537607156567258,,,0.028759865427152538,,,,,,,,,,
406,Sargassaceae,,,,,0.08481889296799709,,,,,,,,,,,,,,,,,,,,,,,,,,,0.04884154157278522,0.03679223343963235,0.031023602427884885,0.0294707780942553,0.0331063951967404,0.06021110897089117,,,,,,,,,,,,,,,,,
407,Scenedesmaceae,,,,,,,,,,,,,,,,,,,,,,,,,,,,,,,,,0.009499713825431449,,,,,,,,,,,,,,,,,,,,,0.10040241611281235
408,Schizoporellidae,,,,,,,,,,,,,,,,,,,,,,,,,,,,,,,,,,,0.01041949351864594,,,,,,,,,,,,,,,,,,,
409,Scissurellidae,,,,,,,,,,,,,,,,,,,,,,,,,,,,,,,,,,,,0.010216855368051905,,,,,,,,,,,,,,,,,,
410,Sclerotiniaceae,,,,,,,,,,,,,,,,,,,,,,,,,,,,,,,,,,,,0.007224407713151682,,,,,,,,,,,,,,,,,,
411,Seirococcaceae,,,,,,,,,,,,,,,,,,,,,,,,,,,,,,,,,,,,,0.02458108230429969,,,,,,,,,,,,,,,,,
412,Selaginellaceae,,,,,,,,,,,,,,,,,,,,,,,,,,,,,,,,,,,,,,,,,0.008393291405217137,,,,,,,,0.03566881875032109,,,,,
413,Selenastraceae,,,,,,,,,,,,,,,,,,,,,,,,,,,0.023363465675799888,,,,,,,,,,,,,,,,,,,,,,,,,,,
414,Semelidae,0.03863337046431279,,,0.03551104121142175,,,,,,,,,,,,,,,,,0.024862745797205803,0.02466854076382509,,,,,,,,,,,,,,,,,,,,,,,,,,,,,,,,
415,Semisulcospiridae,,,,,,,,,,,,,,,0.02634316848869161,,,,,,,,,,,,,,,,,,,,,,,,,,,,,,,,,,,,,,,
416,Serpulaceae,,,,,,,,,,,,,,,,,,,,,0.009397234612803269,0.009323832009705789,,,0.013004571910681174,,,,,,,,,,,,,,,,,,,,,,,,,,,,,
417,Serpulidae,,,,,,,,,,,,,,,,,,,,,,,,,,,,,,,,0.023927371020851115,0.028499141476294346,0.031023602427884885,0.018047092163429385,0.0331063951967404,0.03476289997254991,,,,,,,,,,,,,,,,,
418,Sertulariidae,,,,,,,,,,,,,,,,,,,,,,,,,,,0.03304093002275449,,,,,0.013814474099888441,0.030040732808154565,,0.027567388637586503,0.01769611259104872,,,,,,,,,,,,,,,,,,
419,Sididae,,,,,,,,,,,,,,,,,,,,,,,,,,,,,,,,,,,,,,,,,,,,,,,,,,0.044676705160877024,,,,
420,Siluaniidae,,,,,,,,,,,,,0.044833583966222036,,,,0.040291148201269014,,,,0.009397234612803269,0.020848722184490624,0.0240841525429544,0.0231331130728742,0.01839124196894151,0.04410810913912309,0.03304093002275449,,,,,0.009768308314557043,0.013434624130588352,,0.01041949351864594,0.007224407713151682,,,,,,,,,,,,,,,,,,
421,Sipunculidae,,,,,,,,,,,,,,,,,,,,,,,,,,,,,,,,0.009768308314557043,0.018999427650862898,,,,,,,,,,,,,,,,,,,,,
422,Skeletonemataceae,0.12216944435630522,0.05773502691896258,,0.10044039219036507,0.042409446483998546,,0.03261640365267211,0.04463218426774518,,0.11572751247156893,0.14002800840280097,,,,,,,,0.028457824031771276,0.017186122424140717,0.10464317597263766,0.11149681429693695,0.0240841525429544,0.08124082318713127,0.08626257117384933,,,0.09004503377814964,,0.042107596053325945,0.08428995039221793,0.06021589655957372,0.06372601764137786,,0.119256554198286,0.11121834305988103,0.042575683456079316,0.22989178968724935,0.030330895164368973,0.09534625892455922,0.19249753547092785,0.01331795258076845,,0.04981354813867179,0.01331795258076845,,,,0.17834409375160543,0.18420677438287364,0.11001306482721841,0.17378533390904768,0.027767067240353285,
423,Solanaceae,,,,,,,,,0.06108472217815261,,,0.04080129662303812,,,0.014081015852391928,,,,,,,,,,,,,0.03287979746107146,,,,0.009768308314557043,,,0.02083898703729188,,,,,,,,,,,0.03539961627023944,,,0.03566881875032109,,,,0.027767067240353285,
424,Solenofilomorphidae,,,,,,0.04372694694466261,,,,,,,,,,,,,,,,,,,,,,,,,,,,,,,,,,,,,0.0803651515820456,,,0.07079923254047887,0.06160411036336974,0.08601321838024803,,,,,0.12103384005919879,
425,Solieriaceae,,,,,,,,,,,,,,,,,,,,,,,,,,,,,,,,,,,,,,,,,,,,0.028759865427152538,,,,,,,,,,
426,Spathidiidae,0.03863337046431279,,,,0.059976014390406715,,,,,,,,,,,,,,,,0.01627648780002011,,0.0240841525429544,,,,,0.04026936331284146,,,,,,,,,,,,,,,0.05682674365474925,0.0643090141188591,,0.025031308716087945,0.06160411036336974,0.03511474936103118,0.05044332723053183,,,0.04096159602595202,0.027767067240353285,0.06350006350009525
427,Sphenopidae,,,,,,,,,,,,,,,,,,,,,,,,,,,,,,,,,,,,,,,,,0.011869906538207608,,,,,,,,,,,,,
428,Sphyriidae,,,,,,,,,,,,,,,,,,,,0.00701620509935811,,,,,,,,,,,,,,,,,,,,,,,,,,,,,,,,,,
429,Spionidae,,,,0.05022019609518254,0.059976014390406715,,,0.13389655280323554,,,0.05716619504750295,,,,,,,,,,0.009397234612803269,0.07688628842306391,,,,,,,,,,0.009768308314557043,0.018999427650862898,,,,,,,,,,,0.057519730854305076,,,,,0.07975790340283705,,0.11001306482721841,0.04096159602595202,,
430,Spirastrellidae,,,,,0.042409446483998546,,,,,,,,,,,,,,,,,,,,,,,,,,,,,,,,,,,,,,,,,,,,,,,,,
431,Spongodiscidae,,,,,,,,,,,,,,,,,,0.024929982747211407,,,,,,,,,,,,,,,,,,,,,,,,,,,,,,,,,,,,
432,Sporidiobolaceae,,,,,,,,,,,,,,,,,,,,,,,,,0.026009143821362348,,,,,,,,,,,0.007224407713151682,,,,,0.008393291405217137,,,,,,,,,,,,,
433,Squillidae,,0.05773502691896258,,,,,,,,,,,,,0.04877806975705121,0.024234562451752206,,,0.031173984319427483,0.05059457448981516,0.01627648780002011,,,,,,,,,,,0.016919206304810308,0.018999427650862898,,0.01473538904712765,,,0.05219424217050106,,,0.03460642701029914,,,,,0.025031308716087945,,0.03511474936103118,,,,,0.027767067240353285,0.04490132550669373
434,Stentoridae,,,,,,,,,,,,,,,,,,,,,,,,,,,,,,,,,,,,,,0.020214743069426746,,,,,,,,,,,,,,,,
435,Stephanodiscaceae,,,,,,,0.07989354619369611,,,,,,,,0.024389034878525603,0.013991831155211932,,,0.008999154119267315,,0.043063538936430015,0.05021037200630179,,0.018888107730216264,0.022524579279982863,,,,,0.024310831916315757,,0.02184260141652595,0.013434624130588352,,0.04296067234281583,0.04846280023134288,,0.021834418019648694,,,0.04111856241053917,0.01331795258076845,,,0.01331795258076845,,0.07544931822417852,,0.03566881875032109,,0.038895492079220696,,,
436,Stephanoecidae,,,,,,,,,,,,,0.03170213124741207,,0.019913563590443214,0.04533871480641652,,,0.03367175148507369,0.027173645503389514,0.037588938451213076,0.030923652384499428,0.0481683050859088,0.11174355228374003,0.0852766808391564,0.06974104408145884,0.05722856952873867,,,0.024310831916315757,,0.04476401226312416,0.03679223343963235,,0.03609418432685877,0.03956971069107488,0.042575683456079316,0.024757902900779078,,,0.0769257863884596,,,,,,,,,,,,,
437,Stereaceae,,,,,,,,,,,,,,,,,,,,,,,,,,,,,,,,,,,0.01041949351864594,,,,,,,,,,,,,,,,,,,
438,Sticholonchidae,,0.05773502691896258,,,,,,,,,,,,,0.009956781795221607,,0.13957263155977062,0.12711846850156244,0.042209774306091345,0.03290891897218279,,0.013185889681414318,,,,,,0.03287979746107146,,,,,,,,,,,,,,,,0.04067259173910421,,,,,,,,,0.04809397123747323,
439,Strombidiidae,,,,0.05022019609518254,,,0.07989354619369611,,,,,,0.044833583966222036,0.033463724070512735,,0.024234562451752206,,,,,0.01627648780002011,0.013185889681414318,,,,0.022054054569561544,,,,,,0.07814646651645635,0.0729686864561814,,0.061642554955798734,0.06501966941836514,0.07773220743364717,0.02334197470546531,0.042894363300367125,,,,,,,,,0.03511474936103118,,,,,,
440,Styelidae,,,,,0.07345531603115876,,,,,,,,,,,,,,0.012726725805353542,,,,,,,,,,,,,0.11137585085049521,0.10449685207974593,0.0537344556389138,0.023298695798810796,0.02043371073610381,,0.008252634300259694,,,,,0.05682674365474925,0.20131905799006777,,,,,,,,,,
441,Suessiaceae,,,,,,,,,,,,,,,,0.009893718691067562,,,0.020122720350678965,0.00701620509935811,,,,,,,,,,,,0.009768308314557043,0.013434624130588352,,,0.014448815426303364,,0.008252634300259694,,,0.008393291405217137,,,,,,,,,,,,,
442,Syllidae,0.03863337046431279,,,,,,,,,,,,,,,,,,,,,,,,,,,,,,,,,,0.023298695798810796,,,,,,,0.0451633745511932,0.046398841899359104,,0.0451633745511932,0.03539961627023944,,,,,,,,0.06350006350009525
443,Symbiodiniaceae,,,,,,,,,,,,,0.03170213124741207,,0.014081015852391928,0.013991831155211932,,,,0.00701620509935811,,,,,,,,,,,,0.016919206304810308,,,,,,,,,0.008393291405217137,,,,,,,,,,,,,
444,Sympoventuriaceae,,,,,,,,,,,,,,,,,,,,,,0.009323832009705789,,,,,,,,,,0.013814474099888441,0.016453987003011768,,,0.010216855368051905,,,,,,,,,,,,,,,,,,
445,Syndiniaceae,0.07726674092862558,,,,,,,,,,,,0.03170213124741207,0.033463724070512735,0.014081015852391928,0.009893718691067562,0.04934637712198267,0.05574513610066167,0.008999154119267315,0.009922412407903508,0.026579393276456528,0.01614935076204746,0.0240841525429544,,,,,,,,,,,,,,,,,0.033709993123162106,0.01876797013703025,,,,,,,,,,,,,
446,Synuraceae,,,,,,,,,,,,,,0.0473248524280301,,,,,,,,,,,,,,,,,,,,,,,,,,,,,,,,,,,,,,,,
447,Taphrinaceae,,,,,,,,,,,,,,,,,,,,,,,,,,,,,,,,,,,,,,0.008252634300259694,,,,,,,,,,,,,,,,
448,Tellinidae,0.14455283597377017,,,,,,,,,,,,,,,,,,,,0.01627648780002011,0.009323832009705789,,,,,,,,,,,,,,,,,,,,,,,,,,,,,,,,
449,Temoridae,,,,,0.07345531603115876,,,,,,,,,,0.0314861086382005,0.03701890562309636,,,0.03244691161282128,0.04030502973422223,0.04972549159441161,0.029484545671455458,,0.06543032449513807,0.07910372274086017,,0.04046670959137694,0.03287979746107146,,0.042107596053325945,,0.009768308314557043,,,,0.007224407713151682,,0.1762280444185408,0.030330895164368973,,0.19065893043928522,0.009417214581382252,,,0.009417214581382252,,,,,,,,0.05553413448070657,
450,Tenebrionidae,,,,,,,,,,,,,,,,,,,,,,,,,,,,,,,,,,,,,,,,,,,,,,,,,,,,,0.07853712615726657,
451,Teratosphaeriaceae,,,,,,,,,,,,,,,,,,,,,,,,,,,,,,,,,,,,,,,,,0.008393291405217137,,,,,,,,,,,,,
452,Terebellidae,,,,,0.059976014390406715,,,,,,,,,,0.033022909334191324,,,,,,0.021012855394742028,0.01614935076204746,,0.029864720559058283,0.03440686318251846,0.05834954379170748,,,,,,,0.013434624130588352,,,0.007224407713151682,,,,,,,,,,,,,,,,,,
453,Terrestricytheridae,,,,,,,,,,,,,,,,,,,,,,,,,,,,,,,,,,,,,,,,,,,,,,,,,,,,,0.03926856307863329,
454,Tetrahymenidae,,,,,,,,,,,,,,,,,,,,,,0.009323832009705789,,,,,,0.023249527748763855,,,,,,,0.03125848055593782,0.02889763085260673,0.042575683456079316,,,,,,,,,,,,,,,,,
455,Tetrastemmatidae,,,,,0.042409446483998546,,,,,,,,,,,,,,,,,,,,,,,,,,,,,,,,,,,,,,,,,,,,,,,,,
456,Thalassiosiraceae,0.054635836470815304,0.1414213562373095,0.09284766908852593,0.15881020420107103,0.16425107995440105,,,0.07730521080451097,0.06108472217815261,0.0944911182523068,,,,,,,,,0.03599661647706926,0.02104861529807433,0.18173386825151047,0.2010577955601937,,0.15689640639718178,0.17005684428800066,0.022054054569561544,0.023363465675799888,0.15421992019121195,,0.08421519210665189,,0.10337805812048977,0.11556900661178075,,0.19960878032524884,0.20344116834366513,0.04916216460859938,0.13833935948660528,,,0.2851249393989891,,0.05682674365474925,0.07609145165993002,,0.05597170785495562,,0.03511474936103118,0.10088665446106367,0.044676705160877024,0.08697296430744211,0.057928444636349226,,0.04490132550669373
457,Thaumastodermatidae,0.03863337046431279,,,0.05022019609518254,,,,,,,,,,,,,,,,,,,,,,,,,,,,,,,,,,,,,,,0.08680428476524663,0.04067259173910421,,,,,,,,,0.05553413448070657,0.06350006350009525
458,Thaumatomastigidae,0.06691496051182058,0.05773502691896258,,0.05022019609518254,0.0948304052263602,,,0.0998005980069749,,0.0668153104781061,,,,,0.019913563590443214,0.03427284689744574,,,0.012726725805353542,0.015688711546245397,0.06303856618422608,0.07400562229147527,0.07616077755067217,0.12094290040659052,0.11262289639991432,0.06974104408145884,0.07009039702739966,0.09299811099505542,,0.12632278815997783,0.13327411355100582,0.11349748626869662,0.11439170250039354,0.043873999307185683,0.0520974675932297,0.04274017241664559,,0.030878530089910677,,0.033709993123162106,0.04111856241053917,,0.06561787149247866,0.08134518347820842,,,,,,0.06318240236065634,,,0.10011558470435014,0.08980265101338746
459,Theileriidae,,,,,0.042409446483998546,,,,,,,,,,,,,,0.008999154119267315,,,,,,,,,,,,,,,,,,,,,,,,,,,,,,,,,,,
460,Thericleidae,,,,,,,,,,,,,,,,,,,,,,,,,,,,,,,,0.013814474099888441,0.009499713825431449,,,,,,,,,,,,,,,,,,,,,
461,Thoracosphaeraceae,,,,,,,,,,,,,,,,,,,,,,0.009323832009705789,,,,,,,,,,,,,,,,,,,,,,,,,,,,,,,,
462,Thraustochytriaceae,,0.05773502691896258,,,0.059976014390406715,,,,,0.0668153104781061,,,0.03170213124741207,,0.014081015852391928,,0.028490144114909487,,,,0.013289696638228264,0.022838630871207796,,0.018888107730216264,0.01839124196894151,0.022054054569561544,0.04046670959137694,0.03287979746107146,,0.06432041541566332,,0.016919206304810308,0.02513388030837367,0.043873999307185683,,0.012513041213771196,0.04916216460859938,0.014293981904335416,,,0.008393291405217137,,,,,,,,,,,,,
463,Thymelaeaceae,,,,,,,,,,,,0.06975801064151557,,,,,,,,,,,,,,,,,,,,,,,,,,,,,,,,,,,,,,,,,,
464,Trebouxiaceae,,,,,,,,,,,,,,,,,,,,,0.013289696638228264,,,0.018888107730216264,,,,,,,0.02980099775410749,0.013814474099888441,0.016453987003011768,,0.01473538904712765,0.01615426674378096,0.06503543073398751,,,,0.016786582810434273,,,,,,,,,,,,,
465,Trichobranchidae,,,,,,,,,,,,,,,,,,,,,,,,,,,,,,,,,,,,,,,,,,,,,,,,,0.03566881875032109,,,,,
466,Trichocomaceae,,,,,,,,,0.10580184237878974,,,,,,,,,,,,,,,,0.013004571910681174,,,,,,,,,,,,,,,,,,,,,,,0.04965975478570227,,,,,,
467,Trichoplacidae,,,,,0.042409446483998546,,,,,,,,,,,,,,,,,,,,,,,,,,,,,,,,,,,,,,,,,,,,,,,,,
468,Trichosporonaceae,,,,,,,,,,,,,,,,,,,,,,0.009323832009705789,,,,,,,,,,,,,,,,,,,,,,,,,,,,,,,,
469,Tridacnidae,,,,,,,,,,,,,,,,,,,,,,,,,,,,,,,,,0.009499713825431449,,,,,,,,,,,,,,,,,,,,,
470,Trigonopsidaceae,,,,,,,,,,,,,,,,,,,,,,,,,0.01839124196894151,,,,,,,,,,,,,,,,,,,,,,,,,,,,,
471,Trochochaetidae,,,,,,,,0.04463218426774518,,,,,,,,,,,,,,,,,,,,,,,,,,,,,,,,,,,,,,,,,,,,,,
472,Trypanosomatidae,,,,,0.08481889296799709,,,,,,,,,0.033463724070512735,0.024389034878525603,,,,,,0.009397234612803269,0.01614935076204746,0.0240841525429544,0.01335590905981797,,,,,,,,,0.013434624130588352,0.031023602427884885,,,,,,,0.008393291405217137,,0.03280893574623933,,,0.03539961627023944,,,0.03566881875032109,,0.038895492079220696,,,
473,Tubulanidae,,,,,,,,,,,,,,,,,,,,,,,,,,,,,,,,,,,,0.010216855368051905,,,,,,,,,,,,,,,,0.04096159602595202,,
474,Tubulariidae,,,,,,,,,,,,,,,,,,,,,,,,0.01335590905981797,,,,,,,,,,,0.01041949351864594,,,,,,,,,,,,,,,,,,,
475,Tubuliporidae,,,,,,,,,,,,,,,,0.009893718691067562,,,,,,,,,,,,,,,,0.02584451453012244,0.02124200588045929,0.031023602427884885,,0.010216855368051905,,,,,,,,,,,,,,,,,,
476,Turbanellidae,,,,,,,,,,,,,,,,,,,,,,,,,,,,,,,,,,,,0.007224407713151682,,,,,,,0.046398841899359104,,,,,,,,,,,
477,Turbinidae,,,,,,,,,,,,,,,,,,,,,,,,,,,,,,,,,0.013434624130588352,,,0.007224407713151682,,,,,,,,,,,,,,,,,,
478,Typhloplanidae,,,,,,,,,,,,,,,,,,,,,,,,,,,,,,,,,,,,,,,,,,,,,,,,0.04965975478570227,,,,,,
479,Typhloscolecidae,,,,,,,,,,,,,,,,,,,,,,0.013185889681414318,,,,,,,,,,,,,,,,,,,,,,,,,,,,,,,,
480,Ulmaridae,,,0.09284766908852593,,,,,,,,,,,,,,,,,,0.009397234612803269,0.013185889681414318,,,,,,,,,,0.009768308314557043,,,,,,,,,,,,,,,,,,,,,,
481,Umbilicariaceae,,,,,,,,,,,,,,,,,,,,,,,,,,,,,,,,,,,,0.007224407713151682,,,,,,,,,,,,,,,,,,
482,Unionidae,,,,,,,,,,,,,,,,,,,,,,,0.0240841525429544,,,,,,,,,,,,,,,,,,,,,0.04067259173910421,,,,,,,,,,
483,Uradiophoridae,,0.12909944487358055,,0.03551104121142175,0.10388150415966656,0.08745389388932522,,0.08926436853549036,0.06108472217815261,0.1494035761667992,0.08084520834544433,,,,0.022264040931247904,0.013991831155211932,,,0.015586992159713741,0.02104861529807433,0.018794469225606538,,,0.018888107730216264,0.022524579279982863,,,0.04649905549752771,,0.034380708208626445,0.05960199550821498,0.0543876389189269,0.06156518201170141,,0.01473538904712765,0.027031258484980628,,0.011670987352732655,,,0.04025281150549006,0.016311094120732537,0.046398841899359104,0.04981354813867179,0.016311094120732537,0.05006261743217589,,,0.06178020632152155,,0.055006532413609206,,0.04809397123747323,
484,Urastomidae,,,,,,,,,,,,,,,,,,,,,,,,,,,,,,,,,0.009499713825431449,,,,,,,,,,,,,,,,,,,,,
485,Urechidae,,,,,,,,,,,,,,,,,,,,,,,,0.01335590905981797,,,,,,,,0.009768308314557043,0.016453987003011768,,,,,,,,,,,,,,,,,,,,,
486,Urocoptidae,,,,,,,,,,,,,,,0.02634316848869161,,,,0.008999154119267315,,,,,,,,,,,,,,,,,,,,,,,,,,,,,,,,,,,
487,Urostylidae,0.06691496051182058,,,0.03551104121142175,,,,,,,,,,,,,,,0.012726725805353542,,,0.009323832009705789,,,0.01839124196894151,,,,,,,0.023927371020851115,0.016453987003011768,,0.04035452487363185,0.0331063951967404,,0.014293981904335416,,0.033709993123162106,0.0222065617395004,,,,,,,,,,,,,
488,Vacuolariaceae,,,,,,,,,,,,,,,,,,,,,0.009397234612803269,,,,,,,,0.1270001270001905,0.05436067275445352,,,,,0.01041949351864594,0.012513041213771196,,,,,,,,,,,,,,,,,,
489,Vannellidae,,,,,,,,,,,,,,0.0473248524280301,,,0.028490144114909487,,,,0.009397234612803269,0.009323832009705789,0.03406013516450858,,0.01839124196894151,,,,,0.024310831916315757,,,0.009499713825431449,,,,,,,,,,,,,,,,,,,,,
490,Veneridae,,,,,,,,,,,,,,,0.019913563590443214,,,,,,,,,,,,,,,,,0.016919206304810308,0.009499713825431449,,,,,,,,0.01876797013703025,,,,,,,,,,,,0.05553413448070657,
491,Vesiculariidae,,,,,,,,,,,,,,,,,,,,,,,,,,,,,,,,,0.016453987003011768,,,,,,,,,,,,,,,,,,,,,
492,Vespertilionidae,,,,,,,,,,,,,,,,,,,,,,,,,,,,,,,,,,,,,,0.008252634300259694,,,,,,,,,,,,,,,,
493,Viridiraptoridae,,,,,,,,,,,0.08084520834544433,,,,,,,,,,0.009397234612803269,0.020848722184490624,0.0240841525429544,0.018888107730216264,,,0.023363465675799888,0.04026936331284146,,,,0.013814474099888441,0.018999427650862898,,,,,,,,,,,0.028759865427152538,,,,,0.05044332723053183,,,,,
494,Volvocaceae,,,,,,,,,,,,,,,,,,,0.012726725805353542,,,,,,,,,,,,,,,,,,,,,,,,,,,,,,,,,,,
495,Watersiporidae,,,,,,,,,,,,,,,,,,,,,,,,,,,,,,,,0.023927371020851115,0.023269451574769878,,0.02083898703729188,0.014448815426303364,,,,,,,,,,,,,,,,,,
496,Xylariaceae,,,,,,,,,,,,,,,,,,,,,,,,,,,,,,,,0.013814474099888441,,,,,,,,,,,,,,,,,,,,,,
497,Zosteraceae,,,,,,0.10710870802417528,0.17564470908566313,,,,,,,,,,,,,,,,,,,,,,,,,,0.023269451574769878,,,,,,,,0.008393291405217137,0.009417214581382252,0.0803651515820456,,0.01331795258076845,0.06622661785325219,0.07544931822417852,0.07851896658413302,,,,,,
498,,1.0,1.0,1.0,1.0,1.0,1.0,1.0,1.0,1.0,1.0,1.0,1.0,1.0,1.0,1.0,1.0,1.0,1.0,1.0,1.0,1.0,1.0,1.0,1.0,1.0,1.0,1.0,1.0,1.0,1.0,1.0,1.0,1.0,1.0,1.0,1.0,1.0,1.0,1.0,1.0,1.0,1.0,1.0,1.0,1.0,1.0,1.0,1.0,1.0,1.0,1.0,1.0,1.0,1.0
